PROPHYLATICS_DRUGS_ID,PERSON_ID,DRUG_NAME,ISSUED_DATE,CASE_FILE_ID
5434,75772,IPT2,8-Aug-21,140724
5514,78771,IPT2,2-Nov-22,141644
5576,78878,IPT2,8-Feb-23,141704
5474,74691,IPT1,1-Jul-22,141544
5494,78352,IPT1,19-Oct-22,141604
5535,78813,IPT1,1-Sep-22,141664
5595,79872,TT1,16-Mar-23,141805
5596,79872,IPT3,16-Mar-23,141805
5614,79877,TT1,1-Mar-23,141824
5615,79877,IPT2,,141824
5415,75772,IPT2,1-Aug-21,140724
5454,75772,TT3,10-Aug-21,140724
5534,78813,IPT2,5-Oct-22,141664
5554,78791,IPT1,5-Oct-22,141684
5574,79372,IPT1,8-Feb-23,141724
5575,79372,IPT1,8-Feb-23,141724
5394,74693,IPT6,27-Sep-20,140608
5414,75714,IPT1,1-Aug-21,140744
5594,79877,TT1,11-Jan-23,141804
5616,79877,TT2,15-Mar-23,141824
5636,66,TT2,5-Apr-23,141949
5683,5627,TT1,30-Jan-24,148301
5679,5631,,,148307
5700,7313,TT1,12-Mar-24,150481
5699,7317,TT1,12-Mar-24,150486
5720,7601,TT5,7-Dec-22,150881
5739,7860,,,151236
5722,7620,TT3,8-Oct-15,150905
5639,8,TT5,10-Aug-22,141900
5719,7595,TT3,7-May-20,150873
5659,4604,TT1,9-Jan-24,147059
5682,5627,IPT1,30-Jan-24,148301
5634,55,TT2,14-Jul-20,141940
5721,7599,TT5,4-Nov-20,150878
5759,8598,,,152118
5760,8598,,,152118
5779,32590,TT1,3-Sep-25,155583
