CALL_NOTE_ID,PERSON_ID,NOTE_AREA,DATE_TIME,DOCTOR’S_CODE_NO,USER_ID,CREATED_BY,REQUEST_LOCATION,FLAG
945,74691,"Pls review patient for Operation against 7th Feb,2021 @12am",05-FEB-21 03.26.26.323600000 PM +01:00,,236,909,MOPC,
946,74691,note,05-FEB-21 03.28.48.163891000 PM +01:00,,909,909,MOPC,1
965,75151,sefikikenfiknein,09-FEB-21 01.08.07.716946000 PM +01:00,,87,1,,
1045,75433,the patient request to see you,31-MAR-21 12.57.33.284351000 PM +01:00,,90,1,,
1205,,a patient needs urgent attention ,10-NOV-21 03.49.39.991812000 PM +01:00,,87,1,,
1265,76754,attention needed asap,10-JAN-22 04.50.02.099061000 PM +01:00,,332,1,,
1366,76991,yOUR ATTENTION IS NEEDED ASAP!!!,05-APR-22 09.08.27.307879000 AM +01:00,,2050,2149,MIS,
1406,78661,gyt,29-OCT-22 02.12.06.136814000 PM +01:00,,87,2910,Pharmacy Dispensary,
1465,79214,asafxbgfdttr,25-JAN-23 03.32.02.661749000 PM +01:00,,236,3609,Mental Health Clinic,
1486,79331,oihoiwufhphtg,01-FEB-23 01.15.21.994605000 PM +01:00,,91,1,,
887,73884,ZDFBGB,01-JUL-20 07.15.10.578411000 PM +01:00,,87,1,General Outpatient Clinic (GOPC),
925,74811,hi,12-OCT-20 07.05.50.901201000 AM +01:00,,90,1,,
926,74811,s,12-OCT-20 07.11.35.298385000 AM +01:00,,87,1,,
927,74811,zz,12-OCT-20 07.11.48.503894000 AM +01:00,,92,1,,
1085,75411,total diet regime,08-APR-21 09.32.05.792852000 AM +01:00,,91,1009,MIS,
1125,,hjh;lk'l,01-SEP-21 03.59.25.631041000 PM +01:00,,87,909,MIS,
1405,78661,Toded,29-OCT-22 02.12.03.538989000 PM +01:00,,87,2249,,
1407,,Patient waiting for you in the clinic,29-OCT-22 02.12.20.504421000 PM +01:00,,92,2911,Pharmacy Dispensary,
1665,79551,"yjmjkkkk,qebue
jen/kjnc/kerjkjhrkj
lejner",02-MAR-23 03.21.57.283477000 PM +01:00,,4089,4089,Dietetics Clinic,1
1065,75451,THE PATIENT IN BED ,03-APR-21 02.05.00.699589000 PM +01:00,,87,1,,
1067,75451,THE PATIENT IN BED ,03-APR-21 02.05.00.699589000 PM +01:00,,87,1,,
1105,,this patient is very stubborn sir,01-SEP-21 12.46.44.388564000 PM +01:00,,87,1,,
1267,76756,your attention is urgently needed please,10-JAN-22 04.52.19.806219000 PM +01:00,,70,829,GOPC,
1345,77251,Hi Doctor,29-MAR-22 09.43.13.171710000 AM +01:00,,2050,2149,MIS,
1545,79551,mmnmn mmnbn,21-FEB-23 12.03.21.226583000 PM +01:00,,332,3950,GOPD,
1546,79551,"mr kazim is behaving irrationally
your attention is needed please.",21-FEB-23 12.03.33.711257000 PM +01:00,,93,3950,GOPD,
1547,79551,come and discharge this pt abeg,21-FEB-23 12.03.51.465350000 PM +01:00,,87,3950,GOPD,
1548,79551,"line tissued, your attention is needed",21-FEB-23 12.03.54.088487000 PM +01:00,,87,3950,GOPD,
1549,79551,please attemy,21-FEB-23 12.03.19.051442000 PM +01:00,,92,3950,GOPD,
1550,79551,Dr your attention is needed in Male Medical,21-FEB-23 12.03.55.461328000 PM +01:00,,94,3950,GOPD,
1551,79551,gbdgbdgbdthnbdthndnghnhnhnh,21-FEB-23 12.03.23.347012000 PM +01:00,,93,3950,GOPD,
1552,,"your attention is required to come and review a patient, Mr. Jonh.",21-FEB-23 12.03.23.913130000 PM +01:00,,323,3950,GOPD,
1565,79551,GHGHJUIKKJUIIIIIIHUJUJKKJN,21-FEB-23 01.41.03.680935000 PM +01:00,,92,3950,GOPD,
1566,79551," Good day Dr, Adewale. ",21-FEB-23 01.40.53.509380000 PM +01:00,,93,3950,GOPD,
1605,79511,dfhrthtdryhtdytyht,22-FEB-23 01.28.06.838863000 PM +01:00,,92,3951,GOPD,
1685,79913,srdkgfnkdnvkdnkvd,13-MAR-23 04.11.18.502863000 PM +01:00,,87,4110,GOPD,
1686,79913,srdkgfnkdnvkdnkvd,13-MAR-23 04.11.18.502863000 PM +01:00,,87,4110,GOPD,
885,73884,good ceare,01-JUL-20 06.27.16.508043000 PM +01:00,,88,1,General Outpatient Clinic (GOPC),
886,73884,lkk,01-JUL-20 06.44.05.355580000 PM +01:00,,87,1,General Outpatient Clinic (GOPC),
905,74273,Urgent attention ,15-AUG-20 10.07.44.288040000 AM +01:00,,87,1,,
985,75171,PLEASE CHECK ,11-FEB-21 01.35.45.118976000 PM +01:00,,90,1,,
1006,75071,PATIENT NEEDS YOUR ATTENTION,22-FEB-21 02.26.43.378485000 PM +01:00,,320,1149,Female Medical Ward,
1007,75199,patient needs your attention ,22-FEB-21 04.35.03.352622000 PM +01:00,,361,1,,
1185,75891,"jkhgkjhkuiokyuyyugyi
kyfygigyiuhuh",04-SEP-21 02.02.45.550183000 PM +01:00,,91,1,,
1245,76731,i need you here asap,10-JAN-22 01.51.42.405692000 AM +01:00,,70,1,,
1266,76759,YOUR ATTENTION IS NEEDED,10-JAN-22 04.51.43.014247000 PM +01:00,,89,829,GOPC,
1285,75831,we need your attention herre asap,12-JAN-22 03.16.43.835350000 PM +01:00,,1953,1,,1
1286,76813,come and review mr afolabi,12-JAN-22 03.16.50.146968000 PM +01:00,,813,1869,GOPC,
1287,76813,come and review Mr Umar,12-JAN-22 03.18.55.246743000 PM +01:00,,1953,1869,GOPC,1
1289,75951,come asap please,12-JAN-22 03.20.58.518485000 PM +01:00,,1953,1831,GOPC,1
1305,77291,needs check up urgently,21-MAR-22 02.17.49.947153000 PM +01:00,,70,1,,
1325,77071,patient refer,23-MAR-22 12.18.23.412534000 PM +01:00,,70,1,,
1385,,TFUIHOIHJPOJHUOCFHKJL.K;LOJ,10-AUG-22 09.34.49.550326000 AM +01:00,,93,1,,
1425,78791,Hello Doctor you have a patient ,18-NOV-22 12.21.37.064314000 PM +01:00,,3258,1,,
1445,78952,krmthpjm5pijhp6ij,20-DEC-22 02.56.56.781519000 PM +01:00,,91,1,,
1485,79331,kj.bhjb.,01-FEB-23 12.55.33.968640000 PM +01:00,,92,1,,
1505,,Pls note patient BP,01-FEB-23 05.16.15.475602000 PM +01:00,,87,3650,MIS,
1525,79665,"jkde.cjbwejb.jenkjfbkhjvbhdehdbw
knwebkheb.hb.hbe",20-FEB-23 01.21.54.065098000 PM +01:00,,91,3950,GOPD,
1625,79551,gfhrsthdtyhdty,23-FEB-23 11.03.29.376876000 AM +01:00,,89,3951,GOPD,
1005,75251,please patient needs your attention,22-FEB-21 12.36.24.747919000 PM +01:00,,361,1149,Female Medical Ward,
1025,75411,"xcgkjljlkj,",30-MAR-21 01.19.59.924124000 PM +01:00,,774,1,,
1066,75451,THE PATIENT IN BED ,03-APR-21 02.05.00.699589000 PM +01:00,,87,1,,
1145,75891,ukgsluksgiouwv,02-SEP-21 03.36.17.615308000 PM +01:00,,92,1,,
1165,75891,"YJYFYIYGIYGI,",03-SEP-21 04.08.44.362227000 PM +01:00,,90,1,,
1225,76311,morning duty,11-NOV-21 11.44.56.375773000 AM +01:00,,70,1,,
1288,76812,please you are needed to review a pt in the ward,12-JAN-22 03.19.41.425094000 PM +01:00,,1953,1969,GOPC,1
1365,76991,"your attention is needed asap sir
",05-APR-22 08.25.52.326983000 AM +01:00,,2050,2149,MIS,
1585,79551,consult,22-FEB-23 12.08.24.947783000 PM +01:00,,87,3951,GOPD,
1645,79731,hgfnghnthnthndthndhtnth,01-MAR-23 10.53.49.979141000 AM +01:00,,91,3950,GOPD,
1705,79874,cfcvvhjghjgkgi,14-MAR-23 03.45.00.073412000 PM +01:00,,87,4110,GOPD,
1725,1773,to call relatives for akeem bodude,04-DEC-23 11.32.21.876594000 AM +01:00,,4987,4692,MALE WARD 5 LANTORO,
1745,6681,"seen on request by nurses
patient said to have received Im flupenthixol yesterday with akinetone. r",20-MAR-24 09.53.50.389257000 AM +01:00,,4862,4862,PSYCHOGERIATRIC CLINIC,
