COMMENT_ID,COMMENT_NOTE,CREATED_BY,CREATED_DATE,UPDATED_BY,UPDATED_DATE,MSG_LOG_ID,REQUEST_DETAIL_ID,
2083,"Dear Dr, kindly confirm the formulation and strength of tab carbamazepine. Patient says she uses 400mg BD plain counting carbamazepine and not CR 800mg as in the prescription.",4479,19-Oct-23,4479,19-Oct-23,1121509,,
2086,,4972,21-Oct-23,4972,21-Oct-23,,1751,
2102,SCHIZOPHRENIA,4835,26-Oct-23,4835,26-Oct-23,1123999,,
2103,"the result of assessment for akinwumi ifeoluwa indicate that she is having mild intellectual disability about three tests were used for the assessment which include slosson drawing coordination test, draw a person test, and ravens standard progressive matrices. some maladaptive behaviors were also identified which included liying cheating, although doesnt steal,    she laughs easily, she is more restless,an active than others of her age group. occassionally curse people, and she is being taken advantage of by age mate and older people. psychological treatment suggestions include supportive psychotherapy, structural educational plan on one to one base focusing on improving composition spellings and grammar also arithmetics. in handling maladaptive behavior patient need to be under monitoring and be psychoeducated on sexual behaviors safe sex practices boundary settings in interpersonal relationship. how to control impulsive behavior.",4773,27-Oct-23,4773,27-Oct-23,1124736,,
2163,"Correction: Tab Haldol 15mg AM, 15mg On",4903,9-Nov-23,4903,9-Nov-23,1129815,,
2223,"Total White Blood Cell Count - 4,300",4391,28-Nov-23,4391,28-Nov-23,1137975,,
2323,warm bath given,4933,10-Jan-24,4933,10-Jan-24,1160015,,
2462,the sum of 200 naira to be collected from DATER 1 as the remaining of her upkeep,4966,20-Mar-24,4966,20-Mar-24,1222415,,
2044,Kindly include the duration of this medication. thank you.,4479,12-Oct-23,4479,12-Oct-23,1119557,,
2045,Last used anti-hypertensives last year July,4849,13-Oct-23,4849,13-Oct-23,1119675,,
2062,"Diazepam is in reducing regimen but I was unable to prescribe it twice. 20mg tds x 2/7, 15mg tds x 1/7, 10mg tds x 1/7, 10mg bd x 1/7, 10mg on x 1/7, 5mg on x 1/7",4969,14-Oct-23,4969,14-Oct-23,1120078,,
2122,Charles Bonnet Syndrome,4835,30-Oct-23,4835,30-Oct-23,1125451,,
2162,Had tab paracetamol 500mg given satisfactorily at 9:22am,5112,8-Nov-23,5112,8-Nov-23,1129177,,
2242,"Good day. please kindly disregard this FBC result. We made a typographical error as this result do not belong to this patient. it belongs to another patient.                                  Please this is the correct result.    PCV: 40%,    Hb: 13.3g/dl,      WBC: 9500cmm        Neutrophils: 62%    Lymphocytes: 36%       Eosinophils: 02%",4372,1-Dec-23,4372,1-Dec-23,1139502,,
2302,Tab Chlorpromazine 100mg AM; 200mg Nocte for 30 days,4899,19-Dec-23,4899,19-Dec-23,1149442,,
2382,sbjbdscjdsjcbjdc,1,7-Feb-24,1,7-Feb-24,1181538,,
2442,Kindly include the duration of use. Thank you.,4479,21-Feb-24,4479,21-Feb-24,1192576,,
2482,Gingkobiloba is not available at the pharmacy. Out-patient prescription needed.,5602,22-Mar-24,5602,22-Mar-24,1224270,,
2202,ERROR!,4903,13-Nov-23,4903,13-Nov-23,1131058,,
2042,"Kindly, include the dose of Inj. artemether to be dispensed for this patient. Thank you.",4479,11-Oct-23,4479,11-Oct-23,1119278,,
2142,tab trifluoperazine number two on list has an issue please review,4959,2-Nov-23,4959,2-Nov-23,1126905,,
2203,ERROR!,4903,13-Nov-23,4903,13-Nov-23,1131055,,
2262,DISREGARD THE ABOVE NOTE,4852,7-Dec-23,4852,7-Dec-23,1142720,,
2322,diagnosis was documented in error by me. Thanks.,4875,9-Jan-24,4875,9-Jan-24,1159286,,
2342,Retrieve Investigation results,4899,21-Jan-24,4899,21-Jan-24,1167740,,
2402,"Thank you for your clearification on this, kindly dispense Tab PCM 500mg TDS X 3/7",4850,8-Feb-24,4850,8-Feb-24,1181911,,
2405,Noted. Thank you,4479,8-Feb-24,4479,8-Feb-24,1182039,,
2464,tabs benzhexol was later removed on request as patient says it stimulates him,4832,21-Mar-24,4832,21-Mar-24,1223151,,
2043,at 2;30 PRN inform of iv diazepam 20mg and im haldol 5mg was administered at 2:30 pm and 2:45pm respectively which had a desired effect on him as he slept off immediately,4960,12-Oct-23,4960,12-Oct-23,1119498,,
2063,,4955,16-Oct-23,4955,16-Oct-23,,298,
2082,Reviewed with Dr Akingunola,4848,18-Oct-23,4848,18-Oct-23,1120896,,
2084,"Dear dr, kindly review the frequency of administration of inj fluphenazine. Caregiver says patient takes one every month.",4994,20-Oct-23,4994,20-Oct-23,1122076,,
2123,Syrup carbamazepine 100mg bd x 2/52,4894,30-Oct-23,4894,30-Oct-23,1125480,,
2182,PCV ; 38%,4390,10-Nov-23,4390,10-Nov-23,1129318,,
2222,Sent in error. Please ignore,4840,27-Nov-23,4840,27-Nov-23,1137841,,
2282,"it was a mistake ,it is night duty report",4966,11-Dec-23,4966,11-Dec-23,1144130,,
2343,ERROR!,4903,22-Jan-24,4903,22-Jan-24,1131058,,
2344,ERROR,4903,22-Jan-24,4903,22-Jan-24,1131055,,
2362,Amitriptiline should be dispensed as once nocte for 30 days,4850,4-Feb-24,4850,4-Feb-24,1178521,,
2404,"Tab Carbamazepine 200mg on x 2/7, then 200mg bd x 12/7.",4905,8-Feb-24,4905,8-Feb-24,1182039,,
2423,Taken over on bed,4749,14-Feb-24,4749,14-Feb-24,1187236,,
2502,"Dosage regimen is as follows; tab diazepam 15mg tds X 2/7, tab diazepam 10mg tds X 1/7, tab diazepam 5mg bd X 1/7, tab diazepam 5mg ON X 1/7, tab diazepam 5mg ON X 1/7",5527,2-Apr-24,5527,2-Apr-24,,,
2503,SEE DR'S PRESCRIPTION,5527,2-Apr-24,5527,2-Apr-24,,34559,
2085,given by Nr Fayomi,4972,21-Oct-23,4972,21-Oct-23,,1751,
2403,Kindly include the dosage frequency of tab carbamazepine. Thank you.,4479,8-Feb-24,4479,8-Feb-24,1182039,,
2422,Good day. Tab Diazepam 5mg is currently unavailable at the pharmacy. Kindly write it out for the patient so it can be sourced outside the hospital. Thank you.,4479,13-Feb-24,4479,13-Feb-24,1186265,,
2463,The Potassium Result is 3.4 mEq/l,4374,21-Mar-24,4374,21-Mar-24,1206687,,
2662,counsel patient on episiotomy care,5961,4-Apr-26,5961,4-Apr-26,1406448,,
2523,recurrent losw of memory . forgets thgingseasaily last one year. Does not know nif shes hypeetensive or nursing diBWETES MELLITUS MRI of 25/09/2025 showsed bihemispheric ischaemic infarctions... in keeping with Vaascular Infarctions,5579,2-Oct-25,5579,2-Oct-25,1273777,,
2582,"baseline investigations requested fbc eucr,urinalysis,urine drug screen",6399,16-Feb-26,6399,16-Feb-26,1354195,,
2602,,4704,9-Mar-26,4704,9-Mar-26,1374726,,
2622,discontinue IV fluid and take haematinics for 2wks,5961,15-Mar-26,5961,15-Mar-26,1381878,,
2623,spo2 at presentation not done,5961,15-Mar-26,5961,15-Mar-26,1382446,,
2642,increase the NS to 1L fast,5961,26-Mar-26,5961,26-Mar-26,1393983,,
2522,counselled,5579,2-Oct-25,5579,2-Oct-25,1273543,,
2542,urgent,4574,10-Nov-25,4574,10-Nov-25,1322951,,
2562,Due to poor initiation of sleep add Tab Zopice 7.5 mg for four days,6324,28-Nov-25,6324,28-Nov-25,1335453,,
2663,to seen PSY clinic on tuesday,5961,4-Apr-26,5961,4-Apr-26,1406636,,
