P_EXAM_ID,PERSON_ID,EXAM_DATE,DOCTOR_ID,ADMISSION_ID,CREATED_BY,CREATED_DATE,MSG_LOG_ID,ACTION,DESCRIPTION,,,,,,,,,,,,,,,,,,,,,,,,,,,,,,,,,,,,,,,,,,,,,,,,,,
97596,126,12-OCT-23 01.12.33.166357 PM,4837,168,4837,,1119477,A Free Note,<p>not in any distress not pale anicteric afebrile not dehydrated</p><p>chest clear clinically.&nbsp;</p><p>cvs : bp 140/80mmhg</p><p>MSS: pin point ulcer in the anterior aspect of the right leg in the upeer ? discharging serous fluid</p>,,,,,,,,,,,,,,,,,,,,,,,,,,,,,,,,,,,,,,,,,,,,,,,,,,
97625,282,18-OCT-23 10.43.26.817637 AM,4852,397,4852,,1121162,A Free Note,<p>gcs&nbsp;</p><p>chest: clear&nbsp;</p>,,,,,,,,,,,,,,,,,,,,,,,,,,,,,,,,,,,,,,,,,,,,,,,,,,
97653,482,21-OCT-23 08.54.41.957141 AM,4852,629,4852,,1122394,A Free Note,<p>OE; gcs . playing actively&nbsp;</p>,,,,,,,,,,,,,,,,,,,,,,,,,,,,,,,,,,,,,,,,,,,,,,,,,,
97661,504,23-OCT-23 10.32.56.012705 AM,4849,677,4849,,1122763,A Free Note,<p>Gen condition satisfactory</p><p>BP: 130/90mmHg</p>,,,,,,,,,,,,,,,,,,,,,,,,,,,,,,,,,,,,,,,,,,,,,,,,,,
97671,698,26-OCT-23 10.48.34.060764 AM,4849,921,4849,,1123895,A Free Note,"<p>O/E: Elderly man, not pale, anicteric, well hydrated, nil pedal oedema</p><p>CHEST</p><p>RR: 22cpm</p><p>BS: Vesicular with wide spread rhonchi</p>",,,,,,,,,,,,,,,,,,,,,,,,,,,,,,,,,,,,,,,,,,,,,,,,,,
97709,919,30-OCT-23 11.13.32.124147 AM,4849,1240,4849,,1125157,A Free Note,<p>GCS</p><p>BREAST</p><p>Palpable tender lump in the left breast measuring 5 by 7cm</p><p>Non MOBILE</p>,,,,,,,,,,,,,,,,,,,,,,,,,,,,,,,,,,,,,,,,,,,,,,,,,,
97728,1090,31-OCT-23 10.29.18.282693 PM,4849,1459,4849,,1126002,A Free Note,"<p>Not pale, anicteric, afebrile, well hydrated</p>",,,,,,,,,,,,,,,,,,,,,,,,,,,,,,,,,,,,,,,,,,,,,,,,,,
97729,1091,01-NOV-23 03.40.57.157772 AM,4849,1460,4849,,1126031,A Free Note,"<p>O/E: Young lady, in painful distress, not pale, anicteric, afebrile, mildly dehydrated</p><p>ABD</p><p>Flat, moves with respiration</p><p>Gen tenderness</p><p>Internal organs difficult to palpate due to pain</p>",,,,,,,,,,,,,,,,,,,,,,,,,,,,,,,,,,,,,,,,,,,,,,,,,,
97771,213,06-NOV-23 11.02.38.162415 AM,4849,1919,4849,,1127978,A Free Note,<p>GCS</p><p>BP: 130/80mmHg</p>,,,,,,,,,,,,,,,,,,,,,,,,,,,,,,,,,,,,,,,,,,,,,,,,,,
97783,1130,07-NOV-23 12.59.19.397246 PM,4849,2091,4849,,1128837,A Free Note,"<p>Gen condition satisfactory</p><p>PR: 88bpm, full volume, regular</p><p>BP: 120/86mmHg</p>",,,,,,,,,,,,,,,,,,,,,,,,,,,,,,,,,,,,,,,,,,,,,,,,,,
97787,1586,08-NOV-23 05.25.35.571656 PM,4849,2182,4849,,1129335,A Free Note,"<p>Male infant, acutely ill looking, febrile, not pale, anicteric</p>",,,,,,,,,,,,,,,,,,,,,,,,,,,,,,,,,,,,,,,,,,,,,,,,,,
97788,1606,09-NOV-23 07.21.40.994035 AM,4849,2225,4849,,1129384,A Free Note,"<p>Middle aged woman, not pale, anicteric, not dehydrated, nil pedal oedema</p><p>PR: 100bpm</p><p>BP: 150/100mmHg</p>",,,,,,,,,,,,,,,,,,,,,,,,,,,,,,,,,,,,,,,,,,,,,,,,,,
97558,17,03-OCT-23 02.10.15.014264 PM,4850,17,4850,,1118696,A Free Note,<p>General condition stable</p>,,,,,,,,,,,,,,,,,,,,,,,,,,,,,,,,,,,,,,,,,,,,,,,,,,
97808,1801,11-NOV-23 10.46.45.265612 AM,4849,2488,4849,,1130682,A Free Note,"<p>Small for age, microcephaly, drooling of saliva</p><p>Not pale, anicteric, not dehydrated, nil oedema</p><p>CHEST - clinically clear</p><p>ABD - NAD</p><p>MSS&nbsp;</p><p>Multiple hyperpigmented skin patches</p><p>? Generalised hypertonia</p>",,,,,,,,,,,,,,,,,,,,,,,,,,,,,,,,,,,,,,,,,,,,,,,,,,
97809,1803,11-NOV-23 10.54.10.809599 AM,4849,2490,4849,,1130686,A Free Note,"<p>O/E; GCS</p><p>ABD</p><p>FLAT, MWR</p><p>EPUIGASTRIC TENDERNESS&nbsp;</p>",,,,,,,,,,,,,,,,,,,,,,,,,,,,,,,,,,,,,,,,,,,,,,,,,,
97810,37,11-NOV-23 11.12.58.650507 AM,4849,2491,4849,,1130693,A Free Note,"<p>GEN CONDITION SATISFACTORY</p><p>ABD</p><p>Flat, MWR</p><p>Vague supra pubic and rt iliac fossa tenderness</p><p>VE: Deferred</p>",,,,,,,,,,,,,,,,,,,,,,,,,,,,,,,,,,,,,,,,,,,,,,,,,,
97819,530,13-NOV-23 11.30.22.114955 AM,5114,2529,5114,,1131139,A Free Note,"<p>Not pale, afenbrile, not dehydrated.&nbsp;</p>",,,,,,,,,,,,,,,,,,,,,,,,,,,,,,,,,,,,,,,,,,,,,,,,,,
97888,1512,22-NOV-23 12.54.57.184984 PM,4845,3314,4845,,1135294,A Free Note,"<p>Conscious, chronically ill-looking male in no obvious respiratory distress, anicteric, acyanosed, not dehydrated&nbsp;</p>",,,,,,,,,,,,,,,,,,,,,,,,,,,,,,,,,,,,,,,,,,,,,,,,,,
97892,2406,23-NOV-23 11.39.59.838910 AM,5114,3419,5114,,1135823,A Free Note,"<p>O/E: Not pale, afebrile, not dehydrated.&nbsp;</p>",,,,,,,,,,,,,,,,,,,,,,,,,,,,,,,,,,,,,,,,,,,,,,,,,,
97893,2516,24-NOV-23 11.04.29.549062 AM,4845,3567,4845,,1136472,A Free Note,"<p>calm, well oreinted in TPP. afebrile, acyanosed, not dehydrated, nil pedal edema</p>",,,,,,,,,,,,,,,,,,,,,,,,,,,,,,,,,,,,,,,,,,,,,,,,,,
97896,2595,25-NOV-23 11.24.54.945612 AM,4845,3684,4845,,1137091,A Free Note,"<p>Elderly man in mild painful distress, with obvious colorless eye discharge, not pale anicteric ayanosed, not dehydrated,&nbsp;</p>",,,,,,,,,,,,,,,,,,,,,,,,,,,,,,,,,,,,,,,,,,,,,,,,,,
97897,227,25-NOV-23 11.59.20.648862 AM,4845,3688,4845,,1137103,A Free Note,"<p>calm female child, febrile, acyanosed, not dehydrated. nil pedal edema</p>",,,,,,,,,,,,,,,,,,,,,,,,,,,,,,,,,,,,,,,,,,,,,,,,,,
97899,2600,25-NOV-23 03.55.02.082257 PM,4845,3693,4845,,1137194,A Free Note,"<p>conscious and alert, not pale, anicteric, acyanosed, not dehydrated, nil pedal edema</p>",,,,,,,,,,,,,,,,,,,,,,,,,,,,,,,,,,,,,,,,,,,,,,,,,,
97554,14,03-OCT-23 01.03.22.135249 PM,4844,13,4844,,1118678,General Examination,<p style="text-align:center;"><strong>---Check boxes with * ----</strong></p><p><strong>Orientation: well oriented</strong></p><p><strong>Distress: &nbsp;</strong> &nbsp; Resp [&nbsp;22c/m ]&nbsp; &nbsp; &nbsp;Pr&nbsp;[ 88bpm ]&nbsp; &nbsp; &nbsp; Others [&nbsp; ]</p><p><strong>Pallor:nil</strong></p><p><strong>Febrile:nil</strong></p><p><strong>Icteric:nil</strong></p><p><strong>Cyanosis:nil</strong></p><p><strong>Dehydration:nil</strong></p><p><strong>Pedal Oedema: nil</strong></p><p><strong>Others:</strong></p><p>&nbsp;</p>,,,,,,,,,,,,,,,,,,,,,,,,,,,,,,,,,,,,,,,,,,,,,,,,,,
97556,12,03-OCT-23 01.11.08.787678 PM,4841,11,4841,,1118683,Systemic Examination,"<p style=""text-align:center;""><strong>---Check boxes with * ----</strong></p><p><strong>CARDIOVASCULAR :-&nbsp; &nbsp; &nbsp; &nbsp; &nbsp; &nbsp; &nbsp; &nbsp; &nbsp; &nbsp; &nbsp; &nbsp; &nbsp; &nbsp; &nbsp; &nbsp; &nbsp; &nbsp; &nbsp; &nbsp; &nbsp; &nbsp; &nbsp; &nbsp; &nbsp; &nbsp; &nbsp; &nbsp; &nbsp; &nbsp; &nbsp; &nbsp; &nbsp; &nbsp; &nbsp; &nbsp; &nbsp; &nbsp; &nbsp; &nbsp; &nbsp; &nbsp; &nbsp; &nbsp; &nbsp; &nbsp; &nbsp; &nbsp; &nbsp; &nbsp; &nbsp;&nbsp;</strong></p><ul><li><strong>Pulse Rate:&nbsp;76b\m &nbsp; &nbsp; &nbsp; &nbsp; &nbsp; &nbsp; &nbsp; &nbsp; &nbsp; &nbsp; &nbsp; &nbsp; &nbsp; &nbsp; &nbsp; &nbsp; &nbsp; &nbsp; &nbsp; &nbsp; &nbsp; &nbsp; &nbsp; &nbsp; &nbsp; &nbsp; &nbsp; &nbsp; &nbsp; &nbsp; &nbsp; &nbsp; &nbsp; &nbsp; &nbsp; &nbsp; &nbsp; &nbsp;&nbsp; &nbsp; &nbsp; &nbsp; &nbsp; &nbsp; &nbsp; &nbsp; &nbsp; &nbsp; &nbsp; &nbsp; &nbsp; &nbsp; &nbsp; &nbsp; &nbsp; &nbsp; &nbsp; &nbsp; &nbsp; &nbsp; &nbsp; &nbsp; &nbsp; &nbsp; &nbsp; &nbsp;&nbsp;</strong></li><li><strong>Blood Pressure:&nbsp; 100/60 &nbsp; &nbsp; &nbsp; &nbsp; &nbsp; &nbsp; &nbsp; &nbsp; &nbsp; &nbsp; &nbsp; &nbsp; &nbsp; &nbsp; &nbsp; &nbsp; &nbsp; &nbsp; &nbsp; &nbsp; &nbsp; &nbsp; &nbsp; &nbsp; &nbsp; &nbsp; &nbsp; &nbsp; &nbsp; &nbsp; &nbsp; &nbsp; &nbsp; &nbsp; &nbsp; &nbsp; &nbsp; &nbsp; &nbsp; &nbsp; &nbsp; &nbsp; &nbsp; &nbsp; &nbsp; &nbsp; &nbsp; &nbsp; &nbsp; &nbsp; &nbsp; &nbsp; &nbsp; &nbsp; &nbsp; &nbsp; &nbsp; &nbsp; &nbsp; &nbsp; &nbsp; &nbsp; &nbsp;&nbsp;</strong></li><li><strong>Heart Sound:&nbsp; S1,S2 &nbsp; &nbsp; &nbsp; &nbsp; &nbsp; &nbsp; &nbsp; &nbsp; &nbsp; &nbsp; &nbsp; &nbsp; &nbsp; &nbsp; &nbsp; &nbsp; &nbsp; &nbsp; &nbsp; &nbsp; &nbsp; &nbsp; &nbsp; &nbsp; &nbsp; &nbsp; &nbsp; &nbsp; &nbsp; &nbsp; &nbsp; &nbsp; &nbsp; &nbsp; &nbsp; &nbsp;</strong></li><li><strong>Apex Beat: 5ics &nbsp;mcl</strong></li><li><strong>Other:&nbsp;</strong></li></ul><p><strong>RESPIRATORY :-&nbsp;</strong></p><ul><li><strong>Respiration Rate:&nbsp; &nbsp;20c/m</strong></li><li><strong>Breath Sounds: BS</strong></li><li><strong>Other:&nbsp;</strong></li></ul><p><strong>ABDOMINAL:-&nbsp;</strong></p><ul><li><strong>Orientation:&nbsp;</strong></li><li><strong>Tenderness:&nbsp;</strong></li><li><strong>Liver:&nbsp;</strong></li><li><strong>Spleen:&nbsp;</strong></li><li><strong>Kidney:&nbsp;</strong></li><li><strong>Ascites:&nbsp;</strong></li><li><strong>Bowel Sounds:&nbsp;</strong></li><li><strong>PR:&nbsp;</strong></li><li><strong>Others:&nbsp;</strong></li></ul><p>&nbsp;</p>",,,,,,,,,,,,,,,,,,,,,,,,,,,,,,,,,,,,,,,,,,,,,,,,,,
97559,19,03-OCT-23 03.36.03.484504 PM,4841,19,4841,,1118709,Systemic Examination,<p style="text-align:center;"><strong>---Check boxes with * ----</strong></p><p><strong>CARDIOVASCULAR :-&nbsp; &nbsp; &nbsp; &nbsp; &nbsp; &nbsp; &nbsp; &nbsp; &nbsp; &nbsp; &nbsp; &nbsp; &nbsp; &nbsp; &nbsp; &nbsp; &nbsp; &nbsp; &nbsp; &nbsp; &nbsp; &nbsp; &nbsp; &nbsp; &nbsp; &nbsp; &nbsp; &nbsp; &nbsp; &nbsp; &nbsp; &nbsp; &nbsp; &nbsp; &nbsp; &nbsp; &nbsp; &nbsp; &nbsp; &nbsp; &nbsp; &nbsp; &nbsp; &nbsp; &nbsp; &nbsp; &nbsp; &nbsp; &nbsp; &nbsp; &nbsp;&nbsp;</strong></p><ul><li><strong>Pulse Rate:&nbsp; &nbsp; &nbsp; &nbsp; &nbsp; &nbsp; &nbsp; &nbsp; &nbsp; &nbsp; &nbsp; &nbsp; &nbsp; &nbsp; &nbsp; &nbsp; &nbsp; &nbsp; &nbsp; &nbsp; &nbsp; &nbsp; &nbsp; &nbsp; &nbsp; &nbsp; &nbsp; &nbsp; &nbsp; &nbsp; &nbsp; &nbsp; &nbsp; &nbsp; &nbsp; &nbsp; &nbsp; &nbsp; &nbsp;&nbsp; &nbsp; &nbsp; &nbsp; &nbsp; &nbsp; &nbsp; &nbsp; &nbsp; &nbsp; &nbsp; &nbsp; &nbsp; &nbsp; &nbsp; &nbsp; &nbsp; &nbsp; &nbsp; &nbsp; &nbsp; &nbsp; &nbsp; &nbsp; &nbsp; &nbsp; &nbsp; &nbsp;&nbsp;</strong></li><li><strong>Blood Pressure:&nbsp; &nbsp; &nbsp; &nbsp; &nbsp; &nbsp; &nbsp; &nbsp; &nbsp; &nbsp; &nbsp; &nbsp; &nbsp; &nbsp; &nbsp; &nbsp; &nbsp; &nbsp; &nbsp; &nbsp; &nbsp; &nbsp; &nbsp; &nbsp; &nbsp; &nbsp; &nbsp; &nbsp; &nbsp; &nbsp; &nbsp; &nbsp; &nbsp; &nbsp; &nbsp; &nbsp; &nbsp; &nbsp; &nbsp; &nbsp; &nbsp; &nbsp; &nbsp; &nbsp; &nbsp; &nbsp; &nbsp; &nbsp; &nbsp; &nbsp; &nbsp; &nbsp; &nbsp; &nbsp; &nbsp; &nbsp; &nbsp; &nbsp; &nbsp; &nbsp; &nbsp; &nbsp; &nbsp; &nbsp; &nbsp;</strong></li><li><strong>Heart Sound:&nbsp; &nbsp; &nbsp; &nbsp; &nbsp; &nbsp; &nbsp; &nbsp; &nbsp; &nbsp; &nbsp; &nbsp; &nbsp; &nbsp; &nbsp; &nbsp; &nbsp; &nbsp; &nbsp; &nbsp; &nbsp; &nbsp; &nbsp; &nbsp; &nbsp; &nbsp; &nbsp; &nbsp; &nbsp; &nbsp; &nbsp; &nbsp; &nbsp; &nbsp; &nbsp; &nbsp; &nbsp;&nbsp;</strong></li><li><strong>Apex Beat:&nbsp;</strong></li><li><strong>Other:&nbsp;</strong></li></ul><p><strong>RESPIRATORY :-&nbsp;</strong></p><ul><li><strong>Respiration Rate:&nbsp; &nbsp;</strong></li><li><strong>Breath Sounds:&nbsp;</strong></li><li><strong>Other:&nbsp;</strong></li></ul><p><strong>ABDOMINAL:-&nbsp;</strong></p><ul><li><strong>Orientation: mildly distended</strong></li><li><strong>Tenderness: nil</strong></li><li><strong>Liver:&nbsp;</strong></li><li><strong>Spleen:&nbsp;</strong></li><li><strong>Kidney:&nbsp;</strong></li><li><strong>Ascites:&nbsp;</strong></li><li><strong>Bowel Sounds: normo active</strong></li><li><strong>PR:&nbsp;</strong></li><li><strong>Others:&nbsp;</strong></li></ul><p>&nbsp;</p>,,,,,,,,,,,,,,,,,,,,,,,,,,,,,,,,,,,,,,,,,,,,,,,,,,
97561,21,03-OCT-23 04.10.31.422721 PM,4849,21,4849,,1118718,A Free Note,"<p>Acutelly ill looking, pale, anicteric, afebrile, mildly dehydrated, nil pedal oedema</p><p>PR; 80bpm</p><p>BP: 120/80mmHg</p><p>RR: 26cpm</p><p>BS; Vesicular, no added sound</p><p>&nbsp;</p><p>ABD</p><p>Distended, MWR</p><p>Suprapubic mass</p><p>LoSoKo</p>",,,,,,,,,,,,,,,,,,,,,,,,,,,,,,,,,,,,,,,,,,,,,,,,,,
97563,23,04-OCT-23 11.47.27.377684 AM,4841,27,4841,,1118747,Systemic Examination,<p style="text-align:center;"><strong>---Check boxes with * ----</strong></p><p><strong>CARDIOVASCULAR :-&nbsp; &nbsp; &nbsp; &nbsp; &nbsp; &nbsp; &nbsp; &nbsp; &nbsp; &nbsp; &nbsp; &nbsp; &nbsp; &nbsp; &nbsp; &nbsp; &nbsp; &nbsp; &nbsp; &nbsp; &nbsp; &nbsp; &nbsp; &nbsp; &nbsp; &nbsp; &nbsp; &nbsp; &nbsp; &nbsp; &nbsp; &nbsp; &nbsp; &nbsp; &nbsp; &nbsp; &nbsp; &nbsp; &nbsp; &nbsp; &nbsp; &nbsp; &nbsp; &nbsp; &nbsp; &nbsp; &nbsp; &nbsp; &nbsp; &nbsp; &nbsp;&nbsp;</strong></p><ul><li><strong>Pulse Rate:&nbsp; &nbsp; &nbsp; 90b/m &nbsp; &nbsp; &nbsp; &nbsp; &nbsp; &nbsp; &nbsp; &nbsp; &nbsp; &nbsp; &nbsp; &nbsp; &nbsp; &nbsp; &nbsp; &nbsp; &nbsp; &nbsp; &nbsp; &nbsp; &nbsp; &nbsp; &nbsp; &nbsp; &nbsp; &nbsp; &nbsp; &nbsp; &nbsp; &nbsp; &nbsp; &nbsp; &nbsp; &nbsp; &nbsp; &nbsp; &nbsp; &nbsp; &nbsp; &nbsp; &nbsp; &nbsp; &nbsp; &nbsp; &nbsp; &nbsp; &nbsp; &nbsp; &nbsp; &nbsp; &nbsp; &nbsp; &nbsp; &nbsp; &nbsp; &nbsp; &nbsp; &nbsp; &nbsp; &nbsp; &nbsp; &nbsp; &nbsp;&nbsp;</strong></li><li><strong>Blood Pressure:&nbsp; &nbsp; &nbsp;130/80mmHg &nbsp; &nbsp; &nbsp; &nbsp; &nbsp; &nbsp; &nbsp; &nbsp; &nbsp; &nbsp; &nbsp; &nbsp; &nbsp; &nbsp; &nbsp; &nbsp; &nbsp; &nbsp; &nbsp; &nbsp; &nbsp; &nbsp; &nbsp; &nbsp; &nbsp; &nbsp; &nbsp; &nbsp; &nbsp; &nbsp; &nbsp; &nbsp; &nbsp; &nbsp; &nbsp; &nbsp; &nbsp; &nbsp; &nbsp; &nbsp; &nbsp; &nbsp; &nbsp; &nbsp; &nbsp; &nbsp; &nbsp; &nbsp; &nbsp; &nbsp; &nbsp; &nbsp; &nbsp; &nbsp; &nbsp; &nbsp; &nbsp; &nbsp; &nbsp; &nbsp; &nbsp; &nbsp;</strong></li><li><strong>Heart Sound:&nbsp; &nbsp; &nbsp; S1/S2 &nbsp; &nbsp; &nbsp; &nbsp; &nbsp; &nbsp; &nbsp; &nbsp; &nbsp; &nbsp; &nbsp; &nbsp; &nbsp; &nbsp; &nbsp; &nbsp; &nbsp; &nbsp; &nbsp; &nbsp; &nbsp; &nbsp; &nbsp; &nbsp; &nbsp; &nbsp; &nbsp; &nbsp; &nbsp; &nbsp; &nbsp; &nbsp; &nbsp; &nbsp;</strong></li><li><strong>Apex Beat: 5ICS MCL</strong></li><li><strong>Other:&nbsp;</strong></li></ul><p><strong>RESPIRATORY :-&nbsp;</strong></p><ul><li><strong>Respiration Rate:&nbsp;20c/m &nbsp;</strong></li><li><strong>Breath Sounds: BS</strong></li><li><strong>Other:&nbsp;</strong></li></ul><p><strong>ABDOMINAL:-&nbsp;</strong></p><ul><li><strong>Orientation:&nbsp;</strong></li><li><strong>Tenderness:&nbsp;</strong></li><li><strong>Liver:&nbsp;</strong></li><li><strong>Spleen:&nbsp;</strong></li><li><strong>Kidney:&nbsp;</strong></li><li><strong>Ascites:&nbsp;</strong></li><li><strong>Bowel Sounds:&nbsp;</strong></li><li><strong>PR:&nbsp;</strong></li><li><strong>Others:&nbsp;</strong></li></ul><p>&nbsp;</p>,,,,,,,,,,,,,,,,,,,,,,,,,,,,,,,,,,,,,,,,,,,,,,,,,,
97568,35,05-OCT-23 02.15.49.760514 PM,4841,45,4841,,1118841,A Free Note,<p>CNS examination:</p><p>GCS = 14/15</p><p>Confused</p><p>Tone and power slightly reduced in all limbs</p><p>pupils 2.5mm bilaterally reactive to light.</p>,,,,,,,,,,,,,,,,,,,,,,,,,,,,,,,,,,,,,,,,,,,,,,,,,,
97573,39,06-OCT-23 11.45.18.939589 AM,4852,50,4852,,1118915,A Free Note,<p>Abd: nil area of tenderness&nbsp;</p>,,,,,,,,,,,,,,,,,,,,,,,,,,,,,,,,,,,,,,,,,,,,,,,,,,
97575,43,06-OCT-23 02.30.40.651041 PM,4852,58,4852,,1118952,A Free Note,"<p>UGS; mild soft tissue swelling. nil redness, nil discharge , not tender .</p>",,,,,,,,,,,,,,,,,,,,,,,,,,,,,,,,,,,,,,,,,,,,,,,,,,
97553,10,03-OCT-23 11.49.48.484130 AM,4841,9,4841,,1118670,A Free Note,<p>CNS: conscious and alert</p><p>&nbsp; &nbsp; &nbsp; &nbsp; &nbsp; no memory loss</p><p>&nbsp; &nbsp; &nbsp; &nbsp; &nbsp; speech is coherent</p><p>&nbsp; &nbsp; &nbsp; &nbsp; &nbsp; right handed</p><p>&nbsp; &nbsp; &nbsp; &nbsp; &nbsp; muscle tone and power normal globally</p>,,,,,,,,,,,,,,,,,,,,,,,,,,,,,,,,,,,,,,,,,,,,,,,,,,
97581,54,10-OCT-23 11.59.10.465143 AM,4848,73,4848,,1119027,General Examination,<p style="text-align:center;"><strong>---Check boxes with * ----</strong></p><p><strong>Orientation:</strong></p><p><strong>Distress: &nbsp;</strong> &nbsp; Resp [&nbsp; ]&nbsp; &nbsp; &nbsp;Pr&nbsp;[ &nbsp;]&nbsp; &nbsp; &nbsp; Others [&nbsp; ]</p><p><strong>Pallor: nil</strong></p><p><strong>Febrile: Nil</strong></p><p><strong>Icteric: Nil</strong></p><p><strong>Cyanosis: Nil</strong></p><p><strong>Dehydration: Nil</strong></p><p><strong>Pedal Oedema: Nil</strong></p><p><strong>Others: NAD</strong></p><p>&nbsp;</p>,,,,,,,,,,,,,,,,,,,,,,,,,,,,,,,,,,,,,,,,,,,,,,,,,,
97589,76,11-OCT-23 10.29.26.930660 AM,4846,106,4846,,1119161,Systemic Examination,<p style="text-align:center;"><strong>---Check boxes with * ----</strong></p><p><strong>CARDIOVASCULAR :-&nbsp; &nbsp; &nbsp; &nbsp; &nbsp; &nbsp; &nbsp; &nbsp; &nbsp; &nbsp; &nbsp; &nbsp; &nbsp; &nbsp; &nbsp; &nbsp; &nbsp; &nbsp; &nbsp; &nbsp; &nbsp; &nbsp; &nbsp; &nbsp; &nbsp; &nbsp; &nbsp; &nbsp; &nbsp; &nbsp; &nbsp; &nbsp; &nbsp; &nbsp; &nbsp; &nbsp; &nbsp; &nbsp; &nbsp; &nbsp; &nbsp; &nbsp; &nbsp; &nbsp; &nbsp; &nbsp; &nbsp; &nbsp; &nbsp; &nbsp; &nbsp;&nbsp;</strong></p><ul><li><strong>Pulse Rate:&nbsp; &nbsp; &nbsp; &nbsp; &nbsp; &nbsp;80 &nbsp; &nbsp; &nbsp; &nbsp; &nbsp; &nbsp; &nbsp; &nbsp; &nbsp; &nbsp; &nbsp; &nbsp; &nbsp; &nbsp; &nbsp; &nbsp; &nbsp; &nbsp; &nbsp; &nbsp; &nbsp; &nbsp; &nbsp; &nbsp; &nbsp; &nbsp; &nbsp; &nbsp; &nbsp; &nbsp; &nbsp; &nbsp; &nbsp;&nbsp; &nbsp; &nbsp; &nbsp; &nbsp; &nbsp; &nbsp; &nbsp; &nbsp; &nbsp; &nbsp; &nbsp; &nbsp; &nbsp; &nbsp; &nbsp; &nbsp; &nbsp; &nbsp; &nbsp; &nbsp; &nbsp; &nbsp; &nbsp; &nbsp; &nbsp; &nbsp; &nbsp; &nbsp;</strong></li><li><strong>Blood Pressure:&nbsp; &nbsp; &nbsp;110/80 &nbsp; &nbsp; &nbsp; &nbsp; &nbsp; &nbsp; &nbsp; &nbsp; &nbsp; &nbsp; &nbsp; &nbsp; &nbsp; &nbsp; &nbsp; &nbsp; &nbsp; &nbsp; &nbsp; &nbsp; &nbsp; &nbsp; &nbsp; &nbsp; &nbsp; &nbsp; &nbsp; &nbsp; &nbsp; &nbsp; &nbsp; &nbsp; &nbsp; &nbsp; &nbsp; &nbsp; &nbsp; &nbsp; &nbsp; &nbsp; &nbsp; &nbsp; &nbsp; &nbsp; &nbsp; &nbsp; &nbsp; &nbsp; &nbsp; &nbsp; &nbsp; &nbsp; &nbsp; &nbsp; &nbsp; &nbsp; &nbsp; &nbsp; &nbsp; &nbsp; &nbsp; &nbsp;</strong></li><li><strong>Heart Sound:&nbsp; &nbsp; &nbsp; &nbsp; S1S2 &nbsp; &nbsp; &nbsp; &nbsp; &nbsp; &nbsp; &nbsp; &nbsp; &nbsp; &nbsp; &nbsp; &nbsp; &nbsp; &nbsp; &nbsp; &nbsp; &nbsp; &nbsp; &nbsp; &nbsp; &nbsp; &nbsp; &nbsp; &nbsp; &nbsp; &nbsp; &nbsp; &nbsp; &nbsp; &nbsp; &nbsp; &nbsp; &nbsp;</strong></li><li><strong>Apex Beat:&nbsp;</strong></li><li><strong>Other:&nbsp;</strong></li></ul><p><strong>RESPIRATORY :-&nbsp;</strong></p><ul><li><strong>Respiration Rate:&nbsp; &nbsp;20CPM</strong></li><li><strong>Breath Sounds: VESICULAR</strong></li><li><strong>Other:&nbsp;</strong></li></ul><p><strong>ABDOMINAL:-&nbsp;</strong></p><ul><li><strong>Orientation:&nbsp;</strong></li><li><strong>Tenderness: NIL&nbsp;</strong></li><li><strong>Liver:&nbsp;</strong></li><li><strong>Spleen:&nbsp;</strong></li><li><strong>Kidney:&nbsp;</strong></li><li><strong>Ascites:&nbsp;</strong></li><li><strong>Bowel Sounds:&nbsp;</strong></li><li><strong>PR:&nbsp;</strong></li><li><strong>Others:&nbsp;</strong></li></ul><p>&nbsp;</p>,,,,,,,,,,,,,,,,,,,,,,,,,,,,,,,,,,,,,,,,,,,,,,,,,,
97593,110,12-OCT-23 11.32.48.023930 AM,4837,150,4837,,1119400,A Free Note,<p>on examination not in any distress not pale anicteric afebrile not dehydrated&nbsp;</p><p>systems NAD</p>,,,,,,,,,,,,,,,,,,,,,,,,,,,,,,,,,,,,,,,,,,,,,,,,,,
97595,118,12-OCT-23 12.33.52.043938 PM,4837,156,4837,,1119446,A Free Note,"<p>O/E &nbsp;not pale,anicteric, afebrile, not dehydrated,no pedal edeoma.</p><p>Chest : clear clinically</p><p>CVS: PR= 80b/m &nbsp; &nbsp; &nbsp; &nbsp; &nbsp; &nbsp; BP=160/110mmHg.</p><p>&nbsp; &nbsp; &nbsp; &nbsp; HS= I $II normal</p><p>ABD: NAD&nbsp;</p>",,,,,,,,,,,,,,,,,,,,,,,,,,,,,,,,,,,,,,,,,,,,,,,,,,
97597,131,12-OCT-23 03.34.19.441710 PM,4854,177,4854,,1119525,A Free Note,"<p>not in obviious respiratory distress, not pale, anicteric , acyanosed, not dehydrated'</p><p>CVS: PR= 76b/m</p><p>&nbsp; &nbsp; &nbsp; &nbsp; BP= 120/80mmhg</p><p>Chest: clear&nbsp;</p><p>ABD: NAD</p>",,,,,,,,,,,,,,,,,,,,,,,,,,,,,,,,,,,,,,,,,,,,,,,,,,
97608,185,16-OCT-23 08.00.53.774235 AM,4841,257,4841,,1120255,A Free Note,<p>O/E :</p><p>General condition stable.</p>,,,,,,,,,,,,,,,,,,,,,,,,,,,,,,,,,,,,,,,,,,,,,,,,,,
97557,13,03-OCT-23 01.35.25.403173 PM,4850,12,4850,,1118689,A Free Note,<p>General condition stable</p>,,,,,,,,,,,,,,,,,,,,,,,,,,,,,,,,,,,,,,,,,,,,,,,,,,
97574,40,06-OCT-23 11.48.12.404803 AM,4841,55,4841,,1118920,General Examination,<p style="text-align:center;"><strong>---Check boxes with * ----</strong></p><p><strong>Orientation:</strong></p><p><strong>Distress: &nbsp;</strong> &nbsp; Resp [&nbsp; ]&nbsp; &nbsp; &nbsp;Pr&nbsp;[ &nbsp;]&nbsp; &nbsp; &nbsp; Others [&nbsp; ]</p><p><strong>Pallor: nil</strong></p><p><strong>Febrile: nil</strong></p><p><strong>Icteric: nil</strong></p><p><strong>Cyanosis: nil</strong></p><p><strong>Dehydration: nil</strong></p><p><strong>Pedal Oedema: nil</strong></p><p><strong>Others:</strong></p><p>&nbsp;</p>,,,,,,,,,,,,,,,,,,,,,,,,,,,,,,,,,,,,,,,,,,,,,,,,,,
97609,188,16-OCT-23 08.07.56.301220 AM,4841,261,4841,,1120258,General Examination,<p style="text-align:center;"><strong>---Check boxes with * ----</strong></p><p><strong>Orientation:</strong></p><p><strong>Distress: &nbsp;</strong> &nbsp; Resp [&nbsp; ]&nbsp; &nbsp; &nbsp;Pr&nbsp;[ &nbsp;]&nbsp; &nbsp; &nbsp; Others [&nbsp; ]</p><p><strong>Pallor: not pale</strong></p><p><strong>Febrile: nil</strong></p><p><strong>Icteric: nil</strong></p><p><strong>Cyanosis: nil</strong></p><p><strong>Dehydration: nil</strong></p><p><strong>Pedal Oedema: nil</strong></p><p><strong>Others:</strong></p><p>&nbsp;</p>,,,,,,,,,,,,,,,,,,,,,,,,,,,,,,,,,,,,,,,,,,,,,,,,,,
97627,29,18-OCT-23 11.05.47.191288 AM,4849,408,4849,,1121190,A Free Note,<p>O/E: GCS</p><p>PR; 80bpm</p><p>BP: 150/80mmHg</p>,,,,,,,,,,,,,,,,,,,,,,,,,,,,,,,,,,,,,,,,,,,,,,,,,,
97631,297,18-OCT-23 02.16.26.682673 PM,4841,416,4841,,1121297,A Free Note,"<p>O/E : Not pale , afebrile , anicteric , acyanosed , no pedal edema.</p><p>ABDOMEN : full, moves with respiration</p><p>&nbsp; &nbsp; &nbsp; &nbsp; &nbsp; &nbsp; &nbsp; &nbsp; &nbsp; &nbsp; Right hypochondrial tenderness</p><p>&nbsp; &nbsp; &nbsp; &nbsp; &nbsp; &nbsp; &nbsp; &nbsp; &nbsp; &nbsp;organ difficult to palpate due to abdominal fat.</p>",,,,,,,,,,,,,,,,,,,,,,,,,,,,,,,,,,,,,,,,,,,,,,,,,,
97632,300,18-OCT-23 03.09.13.865108 PM,4841,419,4841,,1121337,General Examination,<p style="text-align:center;"><strong>---Check boxes with * ----</strong></p><p><strong>Orientation:</strong></p><p><strong>Distress: &nbsp;</strong> &nbsp; Resp [&nbsp; ]&nbsp; &nbsp; &nbsp;Pr&nbsp;[ &nbsp;]&nbsp; &nbsp; &nbsp; Others [&nbsp; ]</p><p><strong>Pallor:nil</strong></p><p><strong>Febrile: nil</strong></p><p><strong>Icteric: nil</strong></p><p><strong>Cyanosis: nil</strong></p><p><strong>Dehydration: nil</strong></p><p><strong>Pedal Oedema: nil</strong></p><p><strong>Others:</strong></p><p>&nbsp;</p>,,,,,,,,,,,,,,,,,,,,,,,,,,,,,,,,,,,,,,,,,,,,,,,,,,
97649,350,19-OCT-23 01.58.16.204766 PM,4849,483,4849,,1121661,A Free Note,<p>O/E: Gen condition satisfactory</p>,,,,,,,,,,,,,,,,,,,,,,,,,,,,,,,,,,,,,,,,,,,,,,,,,,
97707,917,30-OCT-23 10.34.54.013565 AM,4849,1234,4849,,1125127,A Free Note,"<p>Elderly woman, not pale, anicteric, well hydrated, nil pedal oedema</p><p>CVS</p><p>PR; 80bpm, full vol, reg</p><p>BP: 160/100mmHg</p><p>HS: S1S2 only</p>",,,,,,,,,,,,,,,,,,,,,,,,,,,,,,,,,,,,,,,,,,,,,,,,,,
97711,933,30-OCT-23 12.16.39.011331 PM,4849,1258,4849,,1125238,A Free Note,"<p>Young lady, not pale, anicteric, afebrile, mildly dehydrated</p><p>&nbsp;</p>",,,,,,,,,,,,,,,,,,,,,,,,,,,,,,,,,,,,,,,,,,,,,,,,,,
97769,1367,06-NOV-23 09.57.55.939790 AM,4849,1866,4849,,1127897,A Free Note,<p>ENT</p><p>Tonsils minimally enlarged</p><p>Tonsillar bed hyperemic</p>,,,,,,,,,,,,,,,,,,,,,,,,,,,,,,,,,,,,,,,,,,,,,,,,,,
97774,1387,06-NOV-23 11.31.17.573487 AM,4849,1912,4849,,1128032,A Free Note,"<p>Not pale, anicteric, afebrile, not dehydrated, nil pedal oedemal</p>",,,,,,,,,,,,,,,,,,,,,,,,,,,,,,,,,,,,,,,,,,,,,,,,,,
97782,49,07-NOV-23 11.05.33.391066 AM,4849,2050,4849,,1128675,A Free Note,<p>GEN CONDITION SATISFACTORY</p>,,,,,,,,,,,,,,,,,,,,,,,,,,,,,,,,,,,,,,,,,,,,,,,,,,
97784,1453,07-NOV-23 02.07.10.748985 PM,4849,2142,4849,,1128922,A Free Note,"<p>Unkempt, not pale, anicteric, well hydrated, nil oedema</p><p>PR: 72bpm</p>",,,,,,,,,,,,,,,,,,,,,,,,,,,,,,,,,,,,,,,,,,,,,,,,,,
97785,42,08-NOV-23 12.10.45.299287 PM,5061,2207,5061,,1129237,A Free Note,,,,,,,,,,,,,,,,,,,,,,,,,,,,,,,,,,,,,,,,,,,,,,,,,,,
97811,1800,11-NOV-23 12.09.27.964871 PM,4849,2487,4849,,1130700,A Free Note,"<p>Acutely ill looking, febrile T: 38.9oC, mildy pale, mildly dehydrated, nil oedema</p><p>&nbsp;</p><p>ABD</p><p>Distended, MWR</p><p>No area of tenderness</p><p>LoSoKo</p><p>&nbsp;</p>",,,,,,,,,,,,,,,,,,,,,,,,,,,,,,,,,,,,,,,,,,,,,,,,,,
97827,1984,14-NOV-23 01.26.50.544932 PM,4849,2751,4849,,1131889,A Free Note,<p>O/E: Gen condition satisfactory - Obese</p><p>BP: 120/70mmHg</p>,,,,,,,,,,,,,,,,,,,,,,,,,,,,,,,,,,,,,,,,,,,,,,,,,,
97889,327,23-NOV-23 09.32.08.711333 AM,5114,3381,5114,,1135581,A Free Note,"<p>O/E: Not pale, afebrile, not dehydrated. &nbsp;</p>",,,,,,,,,,,,,,,,,,,,,,,,,,,,,,,,,,,,,,,,,,,,,,,,,,
97611,190,16-OCT-23 09.32.32.814936 AM,4849,265,4849,,1120278,A Free Note,"<p>Elderly woman, not pale, anicteric, afebrile, not dehydrated, nil pedal oedema</p><p>Chest</p><p>RR: &nbsp;22cpm</p><p>Clinically clear</p><p>CVS</p><p>PR: 96bpm, full vol, reg</p><p>BP: 196/120mmHg</p>",,,,,,,,,,,,,,,,,,,,,,,,,,,,,,,,,,,,,,,,,,,,,,,,,,
97612,192,16-OCT-23 10.05.51.798953 AM,4849,268,4849,,1120295,A Free Note,<p>General condition satisfactory</p><p>BP: 130/80mmHg</p>,,,,,,,,,,,,,,,,,,,,,,,,,,,,,,,,,,,,,,,,,,,,,,,,,,
97652,458,20-OCT-23 01.21.16.700647 PM,4852,603,4852,,1122166,A Free Note,<p>OE; GCS</p>,,,,,,,,,,,,,,,,,,,,,,,,,,,,,,,,,,,,,,,,,,,,,,,,,,
97665,598,24-OCT-23 10.24.08.315713 AM,4849,791,4849,,1123214,A Free Note,"<p>Middle aged woman, not pale, anicteric, afebrile, well hydrated</p><p>ABD</p><p>Obese, MWR</p><p>Marked epigastric tenderness</p><p>LoSoKo</p>",,,,,,,,,,,,,,,,,,,,,,,,,,,,,,,,,,,,,,,,,,,,,,,,,,
97666,598,24-OCT-23 10.26.31.563036 AM,4849,791,4849,,1123219,A Free Note,<p>BP: 130/80mmHg</p>,,,,,,,,,,,,,,,,,,,,,,,,,,,,,,,,,,,,,,,,,,,,,,,,,,
97667,331,25-OCT-23 09.55.36.717958 AM,4849,876,4849,,1123566,A Free Note,<p>O;E: Gen condition satisfactory</p><p>BP: 130/90mmHg</p>,,,,,,,,,,,,,,,,,,,,,,,,,,,,,,,,,,,,,,,,,,,,,,,,,,
97592,92,11-OCT-23 01.58.18.046817 PM,4850,125,4850,,1119230,A Free Note,"<p>o/e: not pale,anicteric acyanosed,not dehydrated nil pedal edema</p><p>abd :Full, moves with respiration</p><p>&nbsp; &nbsp; &nbsp; &nbsp;Tendreness in suprapubic area</p><p>&nbsp; &nbsp; &nbsp; &nbsp;L S k</p>",,,,,,,,,,,,,,,,,,,,,,,,,,,,,,,,,,,,,,,,,,,,,,,,,,
97768,1367,06-NOV-23 09.56.26.324899 AM,4849,1866,4849,,1127894,A Free Note,"<p>Young girl, not pale febrile (T: 37.4oC), mildly dehydrated, anicteric, nil pedal oedema</p>",,,,,,,,,,,,,,,,,,,,,,,,,,,,,,,,,,,,,,,,,,,,,,,,,,
97776,743,06-NOV-23 12.39.35.904113 PM,4849,1950,4849,,1128153,A Free Note,<p>Gen condition satisfactory</p>,,,,,,,,,,,,,,,,,,,,,,,,,,,,,,,,,,,,,,,,,,,,,,,,,,
97847,2064,16-NOV-23 09.11.48.544054 PM,4849,2882,4849,,1132747,A Free Note,"<p>O/E: Young man, restless, not pale, anicteric, afebrile, well hydrated, nil pedal oedema</p><p>CHEST: NAD</p><p>ENT</p><p>Stale blood at the little's area of the right nostril</p><p>&nbsp;</p>",,,,,,,,,,,,,,,,,,,,,,,,,,,,,,,,,,,,,,,,,,,,,,,,,,
97868,2158,20-NOV-23 10.09.47.045953 AM,5114,3050,5114,,1133805,A Free Note,"<p>O/E: Not pale, afebrile, not dehydrated.&nbsp;</p>",,,,,,,,,,,,,,,,,,,,,,,,,,,,,,,,,,,,,,,,,,,,,,,,,,
97869,538,20-NOV-23 11.06.41.266402 AM,5114,3045,5114,,1133903,A Free Note,"<p>O/E: Not pale, afebrile, not dehydrated.</p>",,,,,,,,,,,,,,,,,,,,,,,,,,,,,,,,,,,,,,,,,,,,,,,,,,
97894,2539,24-NOV-23 12.30.08.066480 PM,4845,3600,4845,,1136610,A Free Note,"<p>active male child in no obvious respiratory distress, not pale, afebrile, acyanosed</p>",,,,,,,,,,,,,,,,,,,,,,,,,,,,,,,,,,,,,,,,,,,,,,,,,,
97895,2557,24-NOV-23 12.57.07.812742 PM,4845,3621,4845,,1136675,A Free Note,<p>GCS</p>,,,,,,,,,,,,,,,,,,,,,,,,,,,,,,,,,,,,,,,,,,,,,,,,,,
97898,2535,25-NOV-23 03.27.47.621650 PM,4845,3595,4845,,1137170,A Free Note,<p>GCS</p><p>CVS- 140/80mmHg</p>,,,,,,,,,,,,,,,,,,,,,,,,,,,,,,,,,,,,,,,,,,,,,,,,,,
97900,2600,25-NOV-23 04.26.34.985471 PM,4845,3693,4845,,1137211,A Free Note,<p>Abd exam- FMWR</p><p>&nbsp; &nbsp; &nbsp; &nbsp; &nbsp; &nbsp; &nbsp; &nbsp; &nbsp; nil palpable organomegaly</p><p>CVS- PR- 88b/m</p><p>&nbsp; &nbsp; &nbsp; &nbsp; BP- 140/90mmHg</p><p>&nbsp;</p><p>Vaginal/Speculum exam- blood smeared vagina</p><p>&nbsp; &nbsp; &nbsp; &nbsp; &nbsp; &nbsp; &nbsp; &nbsp; &nbsp; &nbsp; &nbsp; &nbsp; &nbsp; &nbsp; &nbsp; &nbsp; &nbsp; &nbsp; &nbsp; &nbsp; cervix open with ?fleshy and blood clot</p>,,,,,,,,,,,,,,,,,,,,,,,,,,,,,,,,,,,,,,,,,,,,,,,,,,
97901,2599,25-NOV-23 08.28.12.605881 PM,4845,3692,4845,,1137230,A Free Note,"<p>conscious young male with blood smeared in the nostrils and oral cavity, afebrile, acyanosed, not dehydrated, nil pedal edema</p><p>CVS- PR 88b/m</p><p>&nbsp; &nbsp; &nbsp; &nbsp; &nbsp;BP- 160/100mmHg</p><p>Head/Neck- Blood stained both nostrils and mouth</p>",,,,,,,,,,,,,,,,,,,,,,,,,,,,,,,,,,,,,,,,,,,,,,,,,,
97907,2198,27-NOV-23 10.53.59.137375 AM,4845,3705,4845,,1137526,A Free Note,<p>GCS</p><p>CVS- PR- 88b/m</p><p>&nbsp; &nbsp; &nbsp; &nbsp; &nbsp;BP- 160/100mmHg</p>,,,,,,,,,,,,,,,,,,,,,,,,,,,,,,,,,,,,,,,,,,,,,,,,,,
97908,2639,27-NOV-23 12.44.24.587230 PM,4845,3772,4845,,1137627,A Free Note,<p>GCS</p>,,,,,,,,,,,,,,,,,,,,,,,,,,,,,,,,,,,,,,,,,,,,,,,,,,
97910,2640,27-NOV-23 12.56.06.910842 PM,4845,3773,4845,,1137657,A Free Note,<p>GCS</p><p>abd exam- FMWR</p><p>&nbsp; &nbsp; &nbsp; &nbsp; &nbsp; &nbsp; &nbsp; &nbsp; &nbsp; Tenderness in the suprapubic area</p>,,,,,,,,,,,,,,,,,,,,,,,,,,,,,,,,,,,,,,,,,,,,,,,,,,
97927,2796,30-NOV-23 10.53.15.126091 PM,4845,4069,4845,,1139190,A Free Note,"<p>o/e- conscious, alert and responsive, afebrile , not pale, anicteric, acyanosed, nil pedal edema</p><p>&nbsp; &nbsp; &nbsp;Spo2- NA ( not functional)</p><p>Abd- FMWR</p><p>&nbsp; &nbsp; &nbsp; &nbsp; &nbsp;nil area of tenderness</p><p>CVS- PR 100b/m</p><p>&nbsp; &nbsp; &nbsp; &nbsp; &nbsp;BP- 120/80mmHg</p>",,,,,,,,,,,,,,,,,,,,,,,,,,,,,,,,,,,,,,,,,,,,,,,,,,
97579,59,10-OCT-23 11.53.17.893936 AM,4844,80,4844,,1119020,General Examination,<p style="text-align:center;"><strong>---Check boxes with * ----</strong></p><p><strong>Orientation: well oriented</strong></p><p><strong>Distress: &nbsp;</strong> &nbsp; Resp [&nbsp;20 ]&nbsp; &nbsp; &nbsp;Pr&nbsp;[ 82 ]&nbsp; &nbsp; &nbsp; Others [&nbsp; ]</p><p><strong>Pallor:nil</strong></p><p><strong>Febrile:nil</strong></p><p><strong>Icteric:nil</strong></p><p><strong>Cyanosis:nil</strong></p><p><strong>Dehydration:nil</strong></p><p><strong>Pedal Oedema:nil</strong></p><p><strong>Others:nil</strong></p><p>&nbsp;</p>,,,,,,,,,,,,,,,,,,,,,,,,,,,,,,,,,,,,,,,,,,,,,,,,,,
97584,65,10-OCT-23 03.05.13.581519 PM,4844,92,4844,,1119101,A Free Note,"<p>O/E: acutely ill-looking, not pale, anicteric, acyanosed, not dehydrated, no pedal edema.</p><p>Abd: flat, mwr, nill area of tenderness, nil organomegaly&nbsp;</p><p>Other systems: NAD</p>",,,,,,,,,,,,,,,,,,,,,,,,,,,,,,,,,,,,,,,,,,,,,,,,,,
97586,68,10-OCT-23 03.47.08.910367 PM,4896,94,4896,,1119118,A Free Note,"<p>A young lady, not in obvious distress, not pale</p><p>Abdomen: NAD</p><p>Other systems NAD</p>",,,,,,,,,,,,,,,,,,,,,,,,,,,,,,,,,,,,,,,,,,,,,,,,,,
97587,65,11-OCT-23 09.18.15.567896 AM,4849,92,4849,,1119140,A Free Note,<p>o/e; Gen condition stable</p><p>Systems: NAD</p><p>&nbsp;</p>,,,,,,,,,,,,,,,,,,,,,,,,,,,,,,,,,,,,,,,,,,,,,,,,,,
97628,290,18-OCT-23 12.05.56.160813 PM,4852,409,4852,,1121219,A Free Note,<p>ABD: Nil area of henderness&nbsp;</p>,,,,,,,,,,,,,,,,,,,,,,,,,,,,,,,,,,,,,,,,,,,,,,,,,,
97630,292,18-OCT-23 12.30.05.655703 PM,4837,411,4837,,1121240,A Free Note,<p>NOT IN ANY DISTRESS NOT PALE ANICTERIC AFEBRILE&nbsp;</p><p>BP 120/80mmHg</p><p>assessment stable</p>,,,,,,,,,,,,,,,,,,,,,,,,,,,,,,,,,,,,,,,,,,,,,,,,,,
97669,685,25-OCT-23 11.36.51.310016 AM,4852,895,4852,,1123620,A Free Note,<p>abd: no area of tenderness&nbsp;</p>,,,,,,,,,,,,,,,,,,,,,,,,,,,,,,,,,,,,,,,,,,,,,,,,,,
97688,143,27-OCT-23 01.09.58.502963 PM,4848,1100,4848,,1124591,A Free Note,<p>O/E: GCS</p>,,,,,,,,,,,,,,,,,,,,,,,,,,,,,,,,,,,,,,,,,,,,,,,,,,
97727,1087,31-OCT-23 05.20.51.787666 PM,4849,1456,4849,,1125967,A Free Note,"<p>Young boy, not pale, anicteric, well hydrated, nil pedal oedema</p>",,,,,,,,,,,,,,,,,,,,,,,,,,,,,,,,,,,,,,,,,,,,,,,,,,
97770,562,06-NOV-23 10.46.56.404423 AM,4849,1915,4849,,1127945,A Free Note,<p>Gen condition satisfactory</p><p>BP; 130/90mmHg</p>,,,,,,,,,,,,,,,,,,,,,,,,,,,,,,,,,,,,,,,,,,,,,,,,,,
97812,1722,11-NOV-23 03.01.29.353490 PM,4849,2359,4849,,1130757,A Free Note,"<p>O/E; Young girl, not pale, afebrile (T: 36.oC)</p>",,,,,,,,,,,,,,,,,,,,,,,,,,,,,,,,,,,,,,,,,,,,,,,,,,
97825,1968,14-NOV-23 01.04.22.465551 PM,4849,2732,4849,,1131850,A Free Note,<p>GEN CONDITION SATISFACTORY</p>,,,,,,,,,,,,,,,,,,,,,,,,,,,,,,,,,,,,,,,,,,,,,,,,,,
97887,2365,22-NOV-23 09.40.09.813125 AM,4849,3320,4849,,1135164,A Free Note,<p>O/E: Gen condition satisfactory</p>,,,,,,,,,,,,,,,,,,,,,,,,,,,,,,,,,,,,,,,,,,,,,,,,,,
97909,2640,27-NOV-23 12.56.06.853564 PM,4845,3773,4845,,1137656,A Free Note,<p>GCS</p><p>abd exam- FMWR</p><p>&nbsp; &nbsp; &nbsp; &nbsp; &nbsp; &nbsp; &nbsp; &nbsp; &nbsp; Tenderness in the suprapubic area</p>,,,,,,,,,,,,,,,,,,,,,,,,,,,,,,,,,,,,,,,,,,,,,,,,,,
97911,2637,27-NOV-23 01.16.34.718206 PM,4845,3770,4845,,1137696,A Free Note,<p>GCS</p><p>CVS- 140/90mmHg</p>,,,,,,,,,,,,,,,,,,,,,,,,,,,,,,,,,,,,,,,,,,,,,,,,,,
97947,2956,05-DEC-23 09.57.42.758439 AM,4845,4385,4845,,1141044,A Free Note,"<p>o/e- active male child in obvious respiratory distress, afebrile, not pale, anicteric , acyanosed, not dehydrated</p><p>&nbsp;</p><p>Chest - RR- not dyspneic</p><p>&nbsp; &nbsp; &nbsp; &nbsp; &nbsp; &nbsp; &nbsp;BS- clear</p>",,,,,,,,,,,,,,,,,,,,,,,,,,,,,,,,,,,,,,,,,,,,,,,,,,
97948,1533,05-DEC-23 10.17.52.316197 AM,4845,4399,4845,,1141075,A Free Note,<p>O/e- GCS</p>,,,,,,,,,,,,,,,,,,,,,,,,,,,,,,,,,,,,,,,,,,,,,,,,,,
97967,3153,07-DEC-23 04.21.24.992169 PM,4845,4698,4845,,1142798,A Free Note,"<p>o/e- male child in no obvious respiratory distress, not pale anicteric</p><p>Chest- RR-not dyspneic</p><p>&nbsp; &nbsp; &nbsp; &nbsp; &nbsp; &nbsp; &nbsp;BS- clear</p>",,,,,,,,,,,,,,,,,,,,,,,,,,,,,,,,,,,,,,,,,,,,,,,,,,
97968,3155,08-DEC-23 07.01.22.471213 AM,4845,4700,4845,,1142924,A Free Note,"<p>o/e- young male in painful distress, afebrile, acyanosed, anicteric, not dehydrated, nil pedal edema</p><p>&nbsp;</p><p>Abd- FMWR</p><p>&nbsp; &nbsp; &nbsp; &nbsp; &nbsp;generalized tenderness</p><p>&nbsp; &nbsp; &nbsp; &nbsp; &nbsp;Left renal angle tenderness</p><p>DRE- good anal sphinteric tone</p><p>&nbsp; &nbsp; &nbsp; &nbsp; &nbsp;rectum empty</p><p>&nbsp; &nbsp; &nbsp; &nbsp; examining gloves not stained with fecal matter</p><p>&nbsp;CVS- PR- 120b/m</p><p>&nbsp; &nbsp; &nbsp; &nbsp; &nbsp; BP-150/90mmHg</p><p>&nbsp;</p><p>Admitting RBS- 104mg/dl</p>",,,,,,,,,,,,,,,,,,,,,,,,,,,,,,,,,,,,,,,,,,,,,,,,,,
97987,1253,11-DEC-23 09.39.45.955869 AM,4845,4829,4845,,1144207,A Free Note,<p>o/e- GCS</p><p>&nbsp;</p>,,,,,,,,,,,,,,,,,,,,,,,,,,,,,,,,,,,,,,,,,,,,,,,,,,
97532,4,29-SEP-23 12.49.01.325210 PM,4837,3,4837,,1118633,Systemic Examination,<p style="text-align:center;"><strong>---Check boxes with * ----</strong></p><p><strong>CARDIOVASCULAR :-&nbsp; &nbsp; &nbsp; &nbsp; &nbsp; &nbsp; &nbsp; &nbsp; &nbsp; &nbsp; &nbsp; &nbsp; &nbsp; &nbsp; &nbsp; &nbsp; &nbsp; &nbsp; &nbsp; &nbsp; &nbsp; &nbsp; &nbsp; &nbsp; &nbsp; &nbsp; &nbsp; &nbsp; &nbsp; &nbsp; &nbsp; &nbsp; &nbsp; &nbsp; &nbsp; &nbsp; &nbsp; &nbsp; &nbsp; &nbsp; &nbsp; &nbsp; &nbsp; &nbsp; &nbsp; &nbsp; &nbsp; &nbsp; &nbsp; &nbsp; &nbsp;&nbsp;</strong></p><ul><li><strong>Pulse Rate:&nbsp; &nbsp; &nbsp; &nbsp; &nbsp; &nbsp; &nbsp; &nbsp; &nbsp; &nbsp; &nbsp; &nbsp; &nbsp; &nbsp; &nbsp; &nbsp; &nbsp; &nbsp; &nbsp; &nbsp; &nbsp; &nbsp; &nbsp; &nbsp; &nbsp; &nbsp; &nbsp; &nbsp; &nbsp; &nbsp; &nbsp; &nbsp; &nbsp; &nbsp; &nbsp; &nbsp; &nbsp; &nbsp; &nbsp;&nbsp; &nbsp; &nbsp; &nbsp; &nbsp; &nbsp; &nbsp; &nbsp; &nbsp; &nbsp; &nbsp; &nbsp; &nbsp; &nbsp; &nbsp; &nbsp; &nbsp; &nbsp; &nbsp; &nbsp; &nbsp; &nbsp; &nbsp; &nbsp; &nbsp; &nbsp; &nbsp; &nbsp;&nbsp;</strong></li><li><strong>Blood Pressure:&nbsp; &nbsp; &nbsp;150/98mmhg &nbsp; &nbsp; &nbsp; &nbsp; &nbsp; &nbsp; &nbsp; &nbsp; &nbsp; &nbsp; &nbsp; &nbsp; &nbsp; &nbsp; &nbsp; &nbsp; &nbsp; &nbsp; &nbsp; &nbsp; &nbsp; &nbsp; &nbsp; &nbsp; &nbsp; &nbsp; &nbsp; &nbsp; &nbsp; &nbsp; &nbsp; &nbsp; &nbsp; &nbsp; &nbsp; &nbsp; &nbsp; &nbsp; &nbsp; &nbsp; &nbsp; &nbsp; &nbsp; &nbsp; &nbsp; &nbsp; &nbsp; &nbsp; &nbsp; &nbsp; &nbsp; &nbsp; &nbsp; &nbsp; &nbsp; &nbsp; &nbsp; &nbsp; &nbsp; &nbsp; &nbsp; &nbsp;</strong></li><li><strong>Heart Sound:&nbsp; &nbsp; &nbsp;1 and 2 only &nbsp; &nbsp; &nbsp; &nbsp; &nbsp; &nbsp; &nbsp; &nbsp; &nbsp; &nbsp; &nbsp; &nbsp; &nbsp; &nbsp; &nbsp; &nbsp; &nbsp; &nbsp; &nbsp; &nbsp; &nbsp; &nbsp; &nbsp; &nbsp; &nbsp; &nbsp; &nbsp; &nbsp; &nbsp; &nbsp; &nbsp; &nbsp; &nbsp; &nbsp;&nbsp;</strong></li><li><strong>Apex Beat:&nbsp;</strong></li><li><strong>Other:&nbsp;</strong></li></ul><p><strong>RESPIRATORY :-&nbsp;</strong></p><ul><li><strong>Respiration Rate:&nbsp; &nbsp;</strong></li><li><strong>Breath Sounds: vesicular</strong></li><li><strong>Other:&nbsp;</strong></li></ul><p><strong>ABDOMINAL:-&nbsp;</strong></p><ul><li><strong>Orientation:&nbsp;</strong></li><li><strong>Tenderness:&nbsp;</strong></li><li><strong>Liver:&nbsp;</strong></li><li><strong>Spleen:&nbsp;</strong></li><li><strong>Kidney:&nbsp;</strong></li><li><strong>Ascites:&nbsp;</strong></li><li><strong>Bowel Sounds:&nbsp;</strong></li><li><strong>PR:&nbsp;</strong></li><li><strong>Others:&nbsp;</strong></li></ul><p>&nbsp;</p>,,,,,,,,,,,,,,,,,,,,,,,,,,,,,,,,,,,,,,,,,,,,,,,,,,
97562,22,04-OCT-23 10.51.34.460773 AM,4850,23,4850,,1118732,A Free Note,<p>General condition stable</p>,,,,,,,,,,,,,,,,,,,,,,,,,,,,,,,,,,,,,,,,,,,,,,,,,,
97565,31,05-OCT-23 01.14.10.825487 PM,4852,41,4852,,1118821,A Free Note,"<p>obese, afebrile , not pale , not dehydrated&nbsp;</p>",,,,,,,,,,,,,,,,,,,,,,,,,,,,,,,,,,,,,,,,,,,,,,,,,,
97571,38,06-OCT-23 11.06.43.661403 AM,4841,51,4841,,1118903,General Examination,<p style="text-align:center;"><strong>---Check boxes with * ----</strong></p><p><strong>Orientation:</strong></p><p><strong>Distress: &nbsp;</strong> &nbsp; Resp [&nbsp; ]&nbsp; &nbsp; &nbsp;Pr&nbsp;[ &nbsp;]&nbsp; &nbsp; &nbsp; Others [&nbsp; ]</p><p><strong>Pallor:NIL</strong></p><p><strong>Febrile: yes</strong></p><p><strong>Icteric: NIL</strong></p><p><strong>Cyanosis:NIL</strong></p><p><strong>Dehydration: NIL</strong></p><p><strong>Pedal Oedema: NIL</strong></p><p><strong>Others:</strong></p><p>&nbsp;</p>,,,,,,,,,,,,,,,,,,,,,,,,,,,,,,,,,,,,,,,,,,,,,,,,,,
97577,47,09-OCT-23 12.45.22.916529 PM,4841,64,4841,,1118979,General Examination,<p style="text-align:center;"><strong>---Check boxes with * ----</strong></p><p><strong>Orientation:</strong></p><p><strong>Distress: &nbsp;</strong> &nbsp; Resp [&nbsp; ]&nbsp; &nbsp; &nbsp;Pr&nbsp;[ &nbsp;]&nbsp; &nbsp; &nbsp; Others [&nbsp; ]</p><p><strong>Pallor: nil</strong></p><p><strong>Febrile: nil</strong></p><p><strong>Icteric: nil</strong></p><p><strong>Cyanosis: nil</strong></p><p><strong>Dehydration: nil</strong></p><p><strong>Pedal Oedema: nil</strong></p><p><strong>Others:</strong></p><p>&nbsp;</p>,,,,,,,,,,,,,,,,,,,,,,,,,,,,,,,,,,,,,,,,,,,,,,,,,,
97582,56,10-OCT-23 12.32.16.378105 PM,4844,75,4844,,1119040,Systemic Examination,<p style="text-align:center;"><strong>---Check boxes with * ----</strong></p><p><strong>CARDIOVASCULAR :-&nbsp; &nbsp; &nbsp; &nbsp; &nbsp; &nbsp; &nbsp; &nbsp; &nbsp; &nbsp; &nbsp; &nbsp; &nbsp; &nbsp; &nbsp; &nbsp; &nbsp; &nbsp; &nbsp; &nbsp; &nbsp; &nbsp; &nbsp; &nbsp; &nbsp; &nbsp; &nbsp; &nbsp; &nbsp; &nbsp; &nbsp; &nbsp; &nbsp; &nbsp; &nbsp; &nbsp; &nbsp; &nbsp; &nbsp; &nbsp; &nbsp; &nbsp; &nbsp; &nbsp; &nbsp; &nbsp; &nbsp; &nbsp; &nbsp; &nbsp; &nbsp;&nbsp;</strong></p><ul><li><strong>Pulse Rate:&nbsp; &nbsp; &nbsp; &nbsp; &nbsp; &nbsp; &nbsp; &nbsp;70b/m &nbsp; &nbsp; &nbsp; &nbsp; &nbsp; &nbsp; &nbsp; &nbsp; &nbsp; &nbsp; &nbsp; &nbsp; &nbsp; &nbsp; &nbsp; &nbsp; &nbsp; &nbsp; &nbsp; &nbsp; &nbsp; &nbsp; &nbsp; &nbsp; &nbsp; &nbsp; &nbsp; &nbsp; &nbsp; &nbsp; &nbsp;&nbsp; &nbsp; &nbsp; &nbsp; &nbsp; &nbsp; &nbsp; &nbsp; &nbsp; &nbsp; &nbsp; &nbsp; &nbsp; &nbsp; &nbsp; &nbsp; &nbsp; &nbsp; &nbsp; &nbsp; &nbsp; &nbsp; &nbsp; &nbsp; &nbsp; &nbsp; &nbsp; &nbsp;&nbsp;</strong></li><li><strong>Blood Pressure:&nbsp; &nbsp; &nbsp; &nbsp; &nbsp; &nbsp; &nbsp; &nbsp; &nbsp; &nbsp;110/70 &nbsp; &nbsp; &nbsp; &nbsp; &nbsp; &nbsp; &nbsp; &nbsp; &nbsp; &nbsp; &nbsp; &nbsp; &nbsp; &nbsp; &nbsp; &nbsp; &nbsp; &nbsp; &nbsp; &nbsp; &nbsp; &nbsp; &nbsp; &nbsp; &nbsp; &nbsp; &nbsp; &nbsp; &nbsp; &nbsp; &nbsp; &nbsp; &nbsp; &nbsp; &nbsp; &nbsp; &nbsp; &nbsp; &nbsp; &nbsp; &nbsp; &nbsp; &nbsp; &nbsp; &nbsp; &nbsp; &nbsp; &nbsp; &nbsp; &nbsp; &nbsp; &nbsp; &nbsp; &nbsp; &nbsp;</strong></li><li><strong>Heart Sound:&nbsp; &nbsp;S1S2 &nbsp; &nbsp; &nbsp; &nbsp; &nbsp; &nbsp; &nbsp; &nbsp; &nbsp; &nbsp; &nbsp; &nbsp; &nbsp; &nbsp; &nbsp; &nbsp; &nbsp; &nbsp; &nbsp; &nbsp; &nbsp; &nbsp; &nbsp; &nbsp; &nbsp; &nbsp; &nbsp; &nbsp; &nbsp; &nbsp; &nbsp; &nbsp; &nbsp; &nbsp; &nbsp;&nbsp;</strong></li><li><strong>Apex Beat:&nbsp;</strong></li><li><strong>Other:&nbsp;</strong></li></ul><p><strong>RESPIRATORY :-&nbsp;</strong></p><ul><li><strong>Respiration Rate:&nbsp; 22c/m&nbsp;</strong></li><li><strong>Breath Sounds: vesicular&nbsp;</strong></li><li><strong>Other: SPO2= 97%</strong></li></ul><p><strong>ABDOMINAL:-&nbsp;</strong></p><ul><li><strong>Orientation:&nbsp;</strong></li><li><strong>Tenderness:&nbsp;</strong></li><li><strong>Liver:&nbsp;</strong></li><li><strong>Spleen:&nbsp;</strong></li><li><strong>Kidney:&nbsp;</strong></li><li><strong>Ascites:&nbsp;</strong></li><li><strong>Bowel Sounds:&nbsp;</strong></li><li><strong>PR:&nbsp;</strong></li><li><strong>Others:&nbsp;</strong></li></ul><p>&nbsp;</p>,,,,,,,,,,,,,,,,,,,,,,,,,,,,,,,,,,,,,,,,,,,,,,,,,,
97588,78,11-OCT-23 09.58.16.678945 AM,4844,108,4844,,1119150,A Free Note,"<p>O/E: not in obvious distress, not pale, anicteric, acyanosed, not dehydrated</p><p>Resp System: chest is clear</p>",,,,,,,,,,,,,,,,,,,,,,,,,,,,,,,,,,,,,,,,,,,,,,,,,,
97594,114,12-OCT-23 11.58.13.637211 AM,4841,153,4841,,1119423,A Free Note,"<p>On Examination: not pale , afebrile anicteric , acyanosed, no pedal edema,</p><p>Abd :Flat MWR,</p><p>&nbsp; &nbsp; &nbsp; &nbsp; Epigastric tenderness</p><p>CVS : P.R &nbsp;78b/m , Regular.</p><p>&nbsp; &nbsp; &nbsp; &nbsp; &nbsp;B.p : 130/80mmHg.</p><p>&nbsp;</p>",,,,,,,,,,,,,,,,,,,,,,,,,,,,,,,,,,,,,,,,,,,,,,,,,,
97598,135,12-OCT-23 05.20.58.489547 PM,4852,182,4852,,1119568,A Free Note,<p>BREAST: Nil lump palpated&nbsp;</p>,,,,,,,,,,,,,,,,,,,,,,,,,,,,,,,,,,,,,,,,,,,,,,,,,,
97610,121,16-OCT-23 08.19.15.524037 AM,4841,255,4841,,1120267,General Examination,<p style="text-align:center;"><strong>---Check boxes with * ----</strong></p><p><strong>Orientation:</strong></p><p><strong>Distress: &nbsp;</strong> &nbsp; Resp [&nbsp; ]&nbsp; &nbsp; &nbsp;Pr&nbsp;[ &nbsp;]&nbsp; &nbsp; &nbsp; Others [&nbsp; ]</p><p><strong>Pallor: nil</strong></p><p><strong>Febrile:nil</strong></p><p><strong>Icteric: nil</strong></p><p><strong>Cyanosis: nil</strong></p><p><strong>Dehydration: nil</strong></p><p><strong>Pedal Oedema: nil</strong></p><p><strong>Others:</strong></p><p>&nbsp;</p>,,,,,,,,,,,,,,,,,,,,,,,,,,,,,,,,,,,,,,,,,,,,,,,,,,
97614,198,16-OCT-23 10.58.30.693350 AM,4849,274,4849,,1120318,A Free Note,<p>O/E; GCS</p><p>BP: 130/80mmHg</p>,,,,,,,,,,,,,,,,,,,,,,,,,,,,,,,,,,,,,,,,,,,,,,,,,,
97618,218,16-OCT-23 01.22.03.266238 PM,4849,301,4849,,1120423,A Free Note,"<p>Elderly woman, obese, not pale, anicteric, afebrile, well hydrated, pedal oedema up to the knee on the right lower limb</p><p>MSS</p><p>RT LEG</p><p>Hyperemic skin, tender</p><p>Differential warmth</p><p>Blister noted on the lower 1/3rd</p><p>Pitting pedal oedema up to the knee</p>",,,,,,,,,,,,,,,,,,,,,,,,,,,,,,,,,,,,,,,,,,,,,,,,,,
97648,341,19-OCT-23 12.45.09.151537 PM,4852,474,4852,,1121569,A Free Note,"<p>OE; GCS</p><p><strong>BREAST: mass located at the left breast. app 6*4cm , tender, not attached to underline skin&nbsp;</strong></p>",,,,,,,,,,,,,,,,,,,,,,,,,,,,,,,,,,,,,,,,,,,,,,,,,,
97659,495,21-OCT-23 06.21.42.486222 PM,4852,659,4852,,1122547,A Free Note,"<p>OE: not pale , anicteric, acyanosed , not dehydrated&nbsp;</p>",,,,,,,,,,,,,,,,,,,,,,,,,,,,,,,,,,,,,,,,,,,,,,,,,,
97662,510,23-OCT-23 10.53.20.940066 AM,4849,684,4849,,1122797,A Free Note,<p>Gen condition satisfactory</p>,,,,,,,,,,,,,,,,,,,,,,,,,,,,,,,,,,,,,,,,,,,,,,,,,,
97664,531,23-OCT-23 11.21.54.498476 AM,4849,715,4849,,1122811,A Free Note,<p>Gen condition satisfactory</p><p>BP: 140/80mmHg</p>,,,,,,,,,,,,,,,,,,,,,,,,,,,,,,,,,,,,,,,,,,,,,,,,,,
97747,1140,02-NOV-23 11.01.56.109492 AM,5114,1547,5114,,1126413,A Free Note,"<p>Not pale, afebrile, not dehydrated.</p>",,,,,,,,,,,,,,,,,,,,,,,,,,,,,,,,,,,,,,,,,,,,,,,,,,
97772,563,06-NOV-23 11.16.48.226383 AM,4849,1911,4849,,1128000,A Free Note,<p>Gen condition satisfactory</p>,,,,,,,,,,,,,,,,,,,,,,,,,,,,,,,,,,,,,,,,,,,,,,,,,,
97572,37,06-OCT-23 11.22.17.528607 AM,4848,52,4848,,1118911,Examination,<p>ABD-- Nil area of tenderness</p>,,,,,,,,,,,,,,,,,,,,,,,,,,,,,,,,,,,,,,,,,,,,,,,,,,
97600,141,13-OCT-23 09.39.25.113331 AM,4849,190,4849,,1119676,A Free Note,"<p>Middle aged woman, not pale, anicteric, afebrile, well hydrated</p><p>CVS:&nbsp;</p><p>PR -64bpm</p><p>BP: 150/100mmHg</p>",,,,,,,,,,,,,,,,,,,,,,,,,,,,,,,,,,,,,,,,,,,,,,,,,,
97602,150,13-OCT-23 12.03.34.007430 PM,4854,207,4854,,1119742,A Free Note,"<p>NOT PALE, ANICTERIC, NOT CYANOSED, NOT DEHYDRATED</p><p>CVS &nbsp; &nbsp;PR= 98B/M &nbsp; BP=130/80MMHG</p>",,,,,,,,,,,,,,,,,,,,,,,,,,,,,,,,,,,,,,,,,,,,,,,,,,
97603,156,13-OCT-23 01.01.36.342991 PM,4854,217,4854,,1119770,A Free Note,"<p>NOT PALE , ANICTERIC, NOT CYANOSED, AFEBRILE, NOT DEHYDRATED</p><p>CHEST IS CLEAR</p>",,,,,,,,,,,,,,,,,,,,,,,,,,,,,,,,,,,,,,,,,,,,,,,,,,
97615,195,16-OCT-23 11.34.00.018928 AM,4849,271,4849,,1120340,A Free Note,"<p>Young woman, not pale, anicteric, afebrile, not dehydrated, nil pedal oedema</p><p>CVS</p><p>PR: 112bpm</p><p>BP: 140/80mmHg</p>",,,,,,,,,,,,,,,,,,,,,,,,,,,,,,,,,,,,,,,,,,,,,,,,,,
97773,642,06-NOV-23 11.29.57.376956 AM,5114,1891,5114,,1128031,A Free Note,"<p>not pale, afebrile, not dehydrated.&nbsp;</p>",,,,,,,,,,,,,,,,,,,,,,,,,,,,,,,,,,,,,,,,,,,,,,,,,,
97777,1428,06-NOV-23 01.06.07.737629 PM,4896,1973,4896,,1128198,A Free Note,"<p>BP 154/60 mmHg</p><p>Abdomen: NO area of tenderness, no organomegally</p>",,,,,,,,,,,,,,,,,,,,,,,,,,,,,,,,,,,,,,,,,,,,,,,,,,
97779,1444,06-NOV-23 02.44.45.257705 PM,5114,1989,5114,,1128397,A Free Note,"<p>Not pale, afebrile, not dehydrated.&nbsp;</p>",,,,,,,,,,,,,,,,,,,,,,,,,,,,,,,,,,,,,,,,,,,,,,,,,,
97780,1418,06-NOV-23 03.18.54.673139 PM,5114,1964,5114,,1128424,A Free Note,"<p>Not pale, afebrile, not dehydrated.&nbsp;</p>",,,,,,,,,,,,,,,,,,,,,,,,,,,,,,,,,,,,,,,,,,,,,,,,,,
97807,1726,10-NOV-23 09.28.48.637897 AM,4849,2374,4849,,1130055,A Free Note,"<p>Acutely ill looking, not pale, anicteric, afebrile, well hydrated</p><p>&nbsp;</p><p>PR: 100bpm</p><p>&nbsp;</p><p>ABD - NAD</p>",,,,,,,,,,,,,,,,,,,,,,,,,,,,,,,,,,,,,,,,,,,,,,,,,,
97817,1810,12-NOV-23 05.47.52.402644 AM,4849,2500,4849,,1130841,A Free Note,"<p>Young girl, not in obvious distress, not pale, anicteric, well hydrated, nil oedema</p>",,,,,,,,,,,,,,,,,,,,,,,,,,,,,,,,,,,,,,,,,,,,,,,,,,
97818,979,13-NOV-23 10.47.47.995910 AM,5114,2524,5114,,1131071,A Free Note,"<p>O/E: Not pale, afebrile, not dehydrated.&nbsp;</p><p>&nbsp;</p>",,,,,,,,,,,,,,,,,,,,,,,,,,,,,,,,,,,,,,,,,,,,,,,,,,
97821,1955,14-NOV-23 11.42.16.693134 AM,4849,2716,4849,,1131734,A Free Note,"<p>Acutely ill looking, not pale, anicteric, not dehydrated</p>",,,,,,,,,,,,,,,,,,,,,,,,,,,,,,,,,,,,,,,,,,,,,,,,,,
97823,1958,14-NOV-23 12.26.46.622683 PM,4849,2719,4849,,1131797,A Free Note,<p>Gen condition satisfactory</p><p>PR: 96bpm</p><p>BP: 190/130mmHg</p>,,,,,,,,,,,,,,,,,,,,,,,,,,,,,,,,,,,,,,,,,,,,,,,,,,
97867,2149,20-NOV-23 09.51.51.863924 AM,4849,3031,4849,,1133788,A Free Note,<p>Gen condition satisfactory</p><p>BP: 130/90mmHg</p>,,,,,,,,,,,,,,,,,,,,,,,,,,,,,,,,,,,,,,,,,,,,,,,,,,
97870,2205,20-NOV-23 12.56.10.299026 PM,5114,3116,5114,,1134040,A Free Note,"<p>O/E: Not pale, afebrile, not dehydrated.&nbsp;</p>",,,,,,,,,,,,,,,,,,,,,,,,,,,,,,,,,,,,,,,,,,,,,,,,,,
97988,3235,11-DEC-23 10.32.02.946246 AM,4845,4835,4845,,1144274,A Free Note,"<p>o/e- middle-aged woman, not pale, anicteric, acyanosed, not dehydrated, nil pedal edema</p><p>CVS- PR- 98b/m</p><p>&nbsp; &nbsp; &nbsp; &nbsp; &nbsp;BP- 170/100mmHg</p>",,,,,,,,,,,,,,,,,,,,,,,,,,,,,,,,,,,,,,,,,,,,,,,,,,
97989,3257,11-DEC-23 11.09.17.452121 AM,4845,4882,4845,,1144353,A Free Note,"<p>o/e- in obvious respiratory distress, afebrile, anicteric, not dehydrated</p>",,,,,,,,,,,,,,,,,,,,,,,,,,,,,,,,,,,,,,,,,,,,,,,,,,
98007,158,13-DEC-23 05.22.36.834757 PM,4845,5173,4845,,1146039,A Free Note,"<p>o/e- GCS afebrile, anicteric, not pale, not dehydrated</p><p>CVS- PR- 84b/m</p><p>&nbsp; &nbsp; &nbsp; &nbsp; &nbsp; BP- 110/60mmhg</p><p>&nbsp;</p>",,,,,,,,,,,,,,,,,,,,,,,,,,,,,,,,,,,,,,,,,,,,,,,,,,
98008,3464,14-DEC-23 09.57.24.107661 AM,5114,5200,5114,,1146233,A Free Note,"<p>O/E: Not pale, afebrile, not dehydrated, no pedal swelling.</p>",,,,,,,,,,,,,,,,,,,,,,,,,,,,,,,,,,,,,,,,,,,,,,,,,,
98027,158,19-DEC-23 10.31.05.313462 AM,4845,5635,4845,,1148978,A Free Note,"<p>o/e- elderly man , conscious well OTPP, not pale anicteric acyanosed, not dehydrated, nil pedal edema</p><p>CVS- PR- 88b/m</p><p>&nbsp; &nbsp; &nbsp; &nbsp; BP-130/70mmHg</p><p>&nbsp;</p>",,,,,,,,,,,,,,,,,,,,,,,,,,,,,,,,,,,,,,,,,,,,,,,,,,
98028,3674,19-DEC-23 12.46.47.044021 PM,4845,5645,4845,,1149249,A Free Note,"<p>o/e- GCS</p><p>Abd- FMWR</p><p>&nbsp; &nbsp; &nbsp; &nbsp; &nbsp;nil area of tenderness</p><p>Speculum exam- N/V/V</p><p>&nbsp; &nbsp; &nbsp; &nbsp; &nbsp; &nbsp; &nbsp; &nbsp; &nbsp; &nbsp; &nbsp; &nbsp; &nbsp; &nbsp;cervix closed,small puntate hemorrhage around 5 and 6 'oclock</p>",,,,,,,,,,,,,,,,,,,,,,,,,,,,,,,,,,,,,,,,,,,,,,,,,,
97583,69,10-OCT-23 02.32.23.532156 PM,4896,96,4896,,1119082,A Free Note,"<p>elderly man, not in obvious distress, not pale</p><p>Abdomen: No area of tenderness, no organ is palpable.</p><p>chest: Clinically clear</p>",,,,,,,,,,,,,,,,,,,,,,,,,,,,,,,,,,,,,,,,,,,,,,,,,,
97585,70,10-OCT-23 03.43.21.077985 PM,4837,97,4837,,1119114,A Free Note,"<p>on &nbsp;examination, not in any obvious distress not pale anicteric afebrile, not dehydrated nil pedal edema</p><p>chest: clear clionically</p><p>CVS: PR- 80/min reg normal &nbsp;vol.</p><p>Bp &nbsp;177/110 mmhg</p>",,,,,,,,,,,,,,,,,,,,,,,,,,,,,,,,,,,,,,,,,,,,,,,,,,
97590,79,11-OCT-23 10.30.30.725981 AM,4837,109,4837,,1119162,A Free Note,<p>not in any distress not pale anicteric not dehydrayed</p><p>chest clear clinically</p><p>CVS ; bp 130/90mmhg</p>,,,,,,,,,,,,,,,,,,,,,,,,,,,,,,,,,,,,,,,,,,,,,,,,,,
97619,215,16-OCT-23 02.06.18.313050 PM,4849,298,4849,,1120464,A Free Note,"<p>Middle aged man, not pale, anicteric, afebrile, not dehydrated, nil pedal oedema</p><p>Chest - Clinically clear</p><p>ABD - NAD</p>",,,,,,,,,,,,,,,,,,,,,,,,,,,,,,,,,,,,,,,,,,,,,,,,,,
97620,234,17-OCT-23 10.56.46.963098 AM,4850,334,4850,,1120721,A Free Note,"<p>O/E : Active and alert,not pale ,anicteric, acyanosed, not dehydrated, nil pedal edema</p>",,,,,,,,,,,,,,,,,,,,,,,,,,,,,,,,,,,,,,,,,,,,,,,,,,
97621,261,17-OCT-23 02.31.49.814796 PM,4896,359,4896,,1120859,A Free Note,"<p>Elderly not in distress, not pale, not febrile, bilateral&nbsp;</p><p>BP was 140/60 mmHg</p><p>MSS- no significant abnormality</p><p>CNS- Fully conscious, well oriented, intact memory</p>",,,,,,,,,,,,,,,,,,,,,,,,,,,,,,,,,,,,,,,,,,,,,,,,,,
97622,279,18-OCT-23 10.05.35.060782 AM,4849,392,4849,,1121117,A Free Note,"<p>O/E: Gen condition satisfactory</p><p>PR: 80bpm, full vol, reg</p><p>BP: 140/90mmHg</p>",,,,,,,,,,,,,,,,,,,,,,,,,,,,,,,,,,,,,,,,,,,,,,,,,,
97623,281,18-OCT-23 10.12.15.058107 AM,4852,395,4852,,1121127,A Free Note,<p>OE; gcs&nbsp;</p><p>BP: <strong>170/110MMHG&nbsp;</strong></p>,,,,,,,,,,,,,,,,,,,,,,,,,,,,,,,,,,,,,,,,,,,,,,,,,,
97624,278,18-OCT-23 10.30.28.944859 AM,4849,390,4849,,1121141,A Free Note,"<p>O/E: Middle aged woman, mildly pale, anicteric, afebrile, well hydrated, nil pedal oedema</p><p>PR; 96bpm</p><p>BP: 150/100mmHg</p><p>ABD</p><p>Distended, MWR</p><p>Hyperthropied pfannestiel scar</p><p>Nil tenderness&nbsp;</p><p>LoSoKo</p><p>MSS</p><p>Tenderness at the inguinal region, nil palpable LN</p><p>&nbsp;</p>",,,,,,,,,,,,,,,,,,,,,,,,,,,,,,,,,,,,,,,,,,,,,,,,,,
97629,291,18-OCT-23 12.25.50.878011 PM,4849,410,4849,,1121229,A Free Note,"<p>O/E: Young lady, acutelly ill looking, not in obvious resp distress, not pale, anicteric, afebrile, well hydrated</p><p>Chest</p><p>RR: 18cpm</p><p>BS: Vesicular, no added sound</p><p>&nbsp;</p>",,,,,,,,,,,,,,,,,,,,,,,,,,,,,,,,,,,,,,,,,,,,,,,,,,
97647,331,19-OCT-23 12.21.21.065275 PM,4852,463,4852,,1121561,A Free Note,"<p>OE; Obese, not pale , anicteric, not dehydrated</p>",,,,,,,,,,,,,,,,,,,,,,,,,,,,,,,,,,,,,,,,,,,,,,,,,,
97650,357,19-OCT-23 04.09.46.251245 PM,4841,491,4841,,1121780,A Free Note,"<p>O/E : not pale, afebrile, anicteric , acyanosed , no pedal edema.</p><p>ABD : full , MWR</p><p>&nbsp; &nbsp; &nbsp; &nbsp; &nbsp;no area of tenderness</p><p>&nbsp; &nbsp; &nbsp; &nbsp; &nbsp;no organomegaly.</p><p>DRE : Perianal opening at &nbsp;9 O clock,</p><p>&nbsp; &nbsp; &nbsp; &nbsp; &nbsp;soiled with ? feces.</p>",,,,,,,,,,,,,,,,,,,,,,,,,,,,,,,,,,,,,,,,,,,,,,,,,,
97658,491,21-OCT-23 01.25.41.807618 PM,4852,651,4852,,1122453,A Free Note,<p>OE; GCS</p>,,,,,,,,,,,,,,,,,,,,,,,,,,,,,,,,,,,,,,,,,,,,,,,,,,
97660,44,23-OCT-23 09.42.52.358278 AM,4849,673,4849,,1122737,A Free Note,"<p>Obese, not pale, anicteric, afebrile, well hydrated</p><p>PR; 74 bpm</p><p>BP: 140/80mmHg</p>",,,,,,,,,,,,,,,,,,,,,,,,,,,,,,,,,,,,,,,,,,,,,,,,,,
97663,326,23-OCT-23 11.06.46.756247 AM,4849,691,4849,,1122806,A Free Note,<p>Gen condition satisfactory</p>,,,,,,,,,,,,,,,,,,,,,,,,,,,,,,,,,,,,,,,,,,,,,,,,,,
97668,677,25-OCT-23 10.35.07.601097 AM,4852,886,4852,,1123580,A Free Note,"<p>OE; obese, not pale , not dehydrated&nbsp;</p><p>bp 160/90mmhg</p>",,,,,,,,,,,,,,,,,,,,,,,,,,,,,,,,,,,,,,,,,,,,,,,,,,
97670,694,25-OCT-23 05.32.52.683142 PM,4849,911,4849,,1123779,A Free Note,"<p>O/E: Restless, not pale, anicteric, afebrile, well hydrated, nil pedal oedema</p><p>ABD</p><p>Distended, MWR</p><p>RT Hypochondrial and epigastric tenderness</p><p>LoSoKo</p>",,,,,,,,,,,,,,,,,,,,,,,,,,,,,,,,,,,,,,,,,,,,,,,,,,
97672,745,26-OCT-23 12.08.05.752178 PM,4849,1001,4849,,1123988,A Free Note,<p>Gen condition satisfactory</p>,,,,,,,,,,,,,,,,,,,,,,,,,,,,,,,,,,,,,,,,,,,,,,,,,,
97708,915,30-OCT-23 10.56.26.195549 AM,4849,1230,4849,,1125137,A Free Note,<p>GCS</p><p>BP: 110/70mmHg</p>,,,,,,,,,,,,,,,,,,,,,,,,,,,,,,,,,,,,,,,,,,,,,,,,,,
97778,1466,06-NOV-23 02.04.52.754587 PM,4849,2015,4849,,1128311,A Free Note,<p>Gen condition satisfactory</p>,,,,,,,,,,,,,,,,,,,,,,,,,,,,,,,,,,,,,,,,,,,,,,,,,,
97775,1417,06-NOV-23 12.29.25.601891 PM,4849,1962,4849,,1128134,A Free Note,<p>Gen condition satisfactory</p>,,,,,,,,,,,,,,,,,,,,,,,,,,,,,,,,,,,,,,,,,,,,,,,,,,
97789,1606,09-NOV-23 07.23.53.371665 AM,4849,2225,4849,,1129387,A Free Note,"<p>ABDOMEN</p><p>Obese, MWR</p><p>Peri-umbilical &nbsp;and right iliac fossa tenderness</p><p>LoSoKo</p>",,,,,,,,,,,,,,,,,,,,,,,,,,,,,,,,,,,,,,,,,,,,,,,,,,
97555,14,03-OCT-23 01.05.46.202751 PM,4844,13,4844,,1118679,Examination,"<p>EAR: nil wax impaction, nil discharge/bleeding, intact ear drum</p><p>&nbsp;</p>",,,,,,,,,,,,,,,,,,,,,,,,,,,,,,,,,,,,,,,,,,,,,,,,,,
97564,29,05-OCT-23 11.14.14.341395 AM,4846,35,4846,,1118796,General Examination,<p style="text-align:center;"><strong>---Check boxes with * ----</strong></p><p><strong>Orientation:</strong></p><p><strong>Distress: &nbsp;</strong> &nbsp; Resp [&nbsp; ]&nbsp; &nbsp; &nbsp;Pr&nbsp;[ &nbsp;]&nbsp; &nbsp; &nbsp; Others [&nbsp; ]</p><p><strong>Pallor: nil&nbsp;</strong></p><p><strong>Febrile: nil&nbsp;</strong></p><p><strong>Icteric:nil&nbsp;</strong></p><p><strong>Cyanosis: nil&nbsp;</strong></p><p><strong>Dehydration:</strong></p><p><strong>Pedal Oedema:</strong></p><p><strong>Others:</strong></p><p>&nbsp;</p>,,,,,,,,,,,,,,,,,,,,,,,,,,,,,,,,,,,,,,,,,,,,,,,,,,
97567,35,05-OCT-23 02.12.50.700283 PM,4841,45,4841,,1118840,Systemic Examination,"<p style=""text-align:center;""><strong>---Check boxes with * ----</strong></p><p><strong>CARDIOVASCULAR :-&nbsp; &nbsp; &nbsp; &nbsp; &nbsp; &nbsp; &nbsp; &nbsp; &nbsp; &nbsp; &nbsp; &nbsp; &nbsp; &nbsp; &nbsp; &nbsp; &nbsp; &nbsp; &nbsp; &nbsp; &nbsp; &nbsp; &nbsp; &nbsp; &nbsp; &nbsp; &nbsp; &nbsp; &nbsp; &nbsp; &nbsp; &nbsp; &nbsp; &nbsp; &nbsp; &nbsp; &nbsp; &nbsp; &nbsp; &nbsp; &nbsp; &nbsp; &nbsp; &nbsp; &nbsp; &nbsp; &nbsp; &nbsp; &nbsp; &nbsp; &nbsp;&nbsp;</strong></p><ul><li><strong>Pulse Rate:&nbsp; &nbsp; 90 b/m &nbsp; &nbsp; &nbsp; &nbsp; &nbsp; &nbsp; &nbsp; &nbsp; &nbsp; &nbsp; &nbsp; &nbsp; &nbsp; &nbsp; &nbsp; &nbsp; &nbsp; &nbsp; &nbsp; &nbsp; &nbsp; &nbsp; &nbsp; &nbsp; &nbsp; &nbsp; &nbsp; &nbsp; &nbsp; &nbsp; &nbsp; &nbsp; &nbsp; &nbsp; &nbsp; &nbsp; &nbsp; &nbsp; &nbsp; &nbsp; &nbsp; &nbsp; &nbsp; &nbsp; &nbsp; &nbsp; &nbsp; &nbsp; &nbsp; &nbsp; &nbsp; &nbsp; &nbsp; &nbsp; &nbsp; &nbsp; &nbsp; &nbsp; &nbsp; &nbsp; &nbsp; &nbsp; &nbsp; &nbsp;&nbsp;</strong></li><li><strong>Blood Pressure:&nbsp;90/60mmHg &nbsp; &nbsp; &nbsp; &nbsp; &nbsp; &nbsp; &nbsp; &nbsp; &nbsp; &nbsp; &nbsp; &nbsp; &nbsp; &nbsp; &nbsp; &nbsp; &nbsp; &nbsp; &nbsp; &nbsp; &nbsp; &nbsp; &nbsp; &nbsp; &nbsp; &nbsp; &nbsp; &nbsp; &nbsp; &nbsp; &nbsp; &nbsp; &nbsp; &nbsp; &nbsp; &nbsp; &nbsp; &nbsp; &nbsp; &nbsp; &nbsp; &nbsp; &nbsp; &nbsp; &nbsp; &nbsp; &nbsp; &nbsp; &nbsp; &nbsp; &nbsp; &nbsp; &nbsp; &nbsp; &nbsp; &nbsp; &nbsp; &nbsp; &nbsp; &nbsp; &nbsp; &nbsp; &nbsp; &nbsp;</strong></li><li><strong>Heart Sound:&nbsp; S1, S2 &nbsp; &nbsp; &nbsp; &nbsp; &nbsp; &nbsp; &nbsp; &nbsp; &nbsp; &nbsp; &nbsp; &nbsp; &nbsp; &nbsp; &nbsp; &nbsp; &nbsp; &nbsp; &nbsp; &nbsp; &nbsp; &nbsp; &nbsp; &nbsp; &nbsp; &nbsp; &nbsp; &nbsp; &nbsp; &nbsp; &nbsp; &nbsp; &nbsp; &nbsp; &nbsp; &nbsp;</strong></li><li><strong>Apex Beat: 51CS MCL</strong></li><li><strong>Other:&nbsp;</strong></li></ul><p><strong>RESPIRATORY :-&nbsp;</strong></p><ul><li><strong>Respiration Rate:&nbsp; &nbsp;20C/M</strong></li><li><strong>Breath Sounds: BS</strong></li><li><strong>Other: SPO2 97%</strong></li></ul><p><strong>ABDOMINAL:-&nbsp;</strong></p><ul><li><strong>Orientation:&nbsp;</strong></li><li><strong>Tenderness:&nbsp;</strong></li><li><strong>Liver:&nbsp;</strong></li><li><strong>Spleen:&nbsp;</strong></li><li><strong>Kidney:&nbsp;</strong></li><li><strong>Ascites:&nbsp;</strong></li><li><strong>Bowel Sounds:&nbsp;</strong></li><li><strong>PR:&nbsp;</strong></li><li><strong>Others:&nbsp;</strong></li></ul><p>&nbsp;</p>",,,,,,,,,,,,,,,,,,,,,,,,,,,,,,,,,,,,,,,,,,,,,,,,,,
97569,35,05-OCT-23 02.18.41.202532 PM,4841,45,4841,,1118842,General Examination,<p style="text-align:center;"><strong>---Check boxes with * ----</strong></p><p><strong>Orientation: Confused</strong></p><p><strong>Distress: &nbsp;</strong> &nbsp; Resp [&nbsp; ]&nbsp; &nbsp; &nbsp;Pr&nbsp;[ &nbsp;]&nbsp; &nbsp; &nbsp; Others [&nbsp; ]</p><p><strong>Pallor: Nil</strong></p><p><strong>Febrile: Nil</strong></p><p><strong>Icteric: Nil</strong></p><p><strong>Cyanosis: Nil</strong></p><p><strong>Dehydration: mildly dehydrated</strong></p><p><strong>Pedal Oedema: left pedal edema&nbsp;</strong></p><p><strong>Others: ulcer at left ankle flexure.</strong></p><p>&nbsp;</p>,,,,,,,,,,,,,,,,,,,,,,,,,,,,,,,,,,,,,,,,,,,,,,,,,,
97576,45,09-OCT-23 11.45.22.844420 AM,4854,61,4854,,1118971,General Examination,<p style="text-align:center;"><strong>---Check boxes with * ----</strong></p><p><strong>Orientation:</strong></p><p><strong>Distress: &nbsp;</strong> &nbsp; Resp [&nbsp; ]&nbsp; &nbsp; &nbsp;Pr&nbsp;[ &nbsp;]&nbsp; &nbsp; &nbsp; Others [&nbsp; ]</p><p><strong>Pallor: NIL</strong></p><p><strong>Febrile: NIL</strong></p><p><strong>Icteric:NIL</strong></p><p><strong>Cyanosis:NIL</strong></p><p><strong>Dehydration:NIL</strong></p><p><strong>Pedal Oedema:NIL</strong></p><p><strong>Others:</strong></p><p>&nbsp;</p>,,,,,,,,,,,,,,,,,,,,,,,,,,,,,,,,,,,,,,,,,,,,,,,,,,
97599,138,13-OCT-23 08.04.12.232689 AM,4852,185,4852,,1119663,A Free Note,"<p>oe; not in any distress, sitting upright, afeberile, not pale, not dehydrated&nbsp;</p><p>chest: clinically clear.</p><p>&nbsp;</p>",,,,,,,,,,,,,,,,,,,,,,,,,,,,,,,,,,,,,,,,,,,,,,,,,,
97613,193,16-OCT-23 10.19.02.663758 AM,4849,269,4849,,1120302,A Free Note,"<p>Middle aged woman, acutelly ill looking, not pale, anicteric, afebrile, dehydrated, nil pedal oedema</p><p>ABD</p><p>Obese, moves with respiration</p><p>Marked suprapubic and epigastric tenderness</p><p>LoSoKo</p><p>&nbsp;</p>",,,,,,,,,,,,,,,,,,,,,,,,,,,,,,,,,,,,,,,,,,,,,,,,,,
97616,209,16-OCT-23 12.14.42.199368 PM,4849,289,4849,,1120373,A Free Note,"<p>Middle aged woman, not pale, anicteric, afebrile, well hydrated</p><p>Buccal exam</p><p>Dental carries noted on the right molar tooth</p>",,,,,,,,,,,,,,,,,,,,,,,,,,,,,,,,,,,,,,,,,,,,,,,,,,
97533,6,29-SEP-23 03.31.21.290749 PM,4849,5,4849,,1118645,Systemic Examination,<p style="text-align:center;"><strong>---Check boxes with * ----</strong></p><p><strong>CARDIOVASCULAR :-&nbsp; &nbsp; &nbsp; &nbsp; &nbsp; &nbsp; &nbsp; &nbsp; &nbsp; &nbsp; &nbsp; &nbsp; &nbsp; &nbsp; &nbsp; &nbsp; &nbsp; &nbsp; &nbsp; &nbsp; &nbsp; &nbsp; &nbsp; &nbsp; &nbsp; &nbsp; &nbsp; &nbsp; &nbsp; &nbsp; &nbsp; &nbsp; &nbsp; &nbsp; &nbsp; &nbsp; &nbsp; &nbsp; &nbsp; &nbsp; &nbsp; &nbsp; &nbsp; &nbsp; &nbsp; &nbsp; &nbsp; &nbsp; &nbsp; &nbsp; &nbsp;&nbsp;</strong></p><ul><li><strong>Pulse Rate:&nbsp; &nbsp; &nbsp;128bpm &nbsp; &nbsp; &nbsp; &nbsp; &nbsp; &nbsp; &nbsp; &nbsp; &nbsp; &nbsp; &nbsp; &nbsp; &nbsp; &nbsp; &nbsp; &nbsp; &nbsp; &nbsp; &nbsp; &nbsp; &nbsp; &nbsp; &nbsp; &nbsp; &nbsp; &nbsp; &nbsp; &nbsp; &nbsp; &nbsp; &nbsp; &nbsp; &nbsp; &nbsp; &nbsp; &nbsp;&nbsp; &nbsp; &nbsp; &nbsp; &nbsp; &nbsp; &nbsp; &nbsp; &nbsp; &nbsp; &nbsp; &nbsp; &nbsp; &nbsp; &nbsp; &nbsp; &nbsp; &nbsp; &nbsp; &nbsp; &nbsp; &nbsp; &nbsp; &nbsp; &nbsp; &nbsp; &nbsp; &nbsp;&nbsp;</strong></li><li><strong>Blood Pressure:&nbsp; &nbsp; 220/130mmHg &nbsp; &nbsp; &nbsp; &nbsp; &nbsp; &nbsp; &nbsp; &nbsp; &nbsp; &nbsp; &nbsp; &nbsp; &nbsp; &nbsp; &nbsp; &nbsp; &nbsp; &nbsp; &nbsp; &nbsp; &nbsp; &nbsp; &nbsp; &nbsp; &nbsp; &nbsp; &nbsp; &nbsp; &nbsp; &nbsp; &nbsp; &nbsp; &nbsp; &nbsp; &nbsp; &nbsp; &nbsp; &nbsp; &nbsp; &nbsp; &nbsp; &nbsp; &nbsp; &nbsp; &nbsp; &nbsp; &nbsp; &nbsp; &nbsp; &nbsp; &nbsp; &nbsp; &nbsp; &nbsp; &nbsp; &nbsp; &nbsp; &nbsp; &nbsp; &nbsp; &nbsp; &nbsp;&nbsp;</strong></li><li><strong>Heart Sound:&nbsp; &nbsp; &nbsp; &nbsp; &nbsp; &nbsp; &nbsp; &nbsp; &nbsp; &nbsp; &nbsp; &nbsp; &nbsp; &nbsp; &nbsp; &nbsp; &nbsp; &nbsp; &nbsp; &nbsp; &nbsp; &nbsp; &nbsp; &nbsp; &nbsp; &nbsp; &nbsp; &nbsp; &nbsp; &nbsp; &nbsp; &nbsp; &nbsp; &nbsp; &nbsp; &nbsp; &nbsp;&nbsp;</strong></li><li><strong>Apex Beat:&nbsp;</strong></li><li><strong>Other:&nbsp;</strong></li></ul><p><strong>RESPIRATORY :-&nbsp;</strong></p><ul><li><strong>Respiration Rate:&nbsp; &nbsp;</strong></li><li><strong>Breath Sounds:&nbsp;</strong></li><li><strong>Other:&nbsp;</strong></li></ul><p><strong>ABDOMINAL:-&nbsp;</strong></p><ul><li><strong>Orientation:&nbsp;</strong></li><li><strong>Tenderness:&nbsp;</strong></li><li><strong>Liver:&nbsp;</strong></li><li><strong>Spleen:&nbsp;</strong></li><li><strong>Kidney:&nbsp;</strong></li><li><strong>Ascites:&nbsp;</strong></li><li><strong>Bowel Sounds:&nbsp;</strong></li><li><strong>PR:&nbsp;</strong></li><li><strong>Others:&nbsp;</strong></li></ul><p>&nbsp;</p>,,,,,,,,,,,,,,,,,,,,,,,,,,,,,,,,,,,,,,,,,,,,,,,,,,
97617,213,16-OCT-23 12.35.28.439311 PM,4849,295,4849,,1120382,A Free Note,<p>O/E: GCS</p><p>&nbsp;</p><p>ENT</p><p>left auditory canal filled with wax&nbsp;</p>,,,,,,,,,,,,,,,,,,,,,,,,,,,,,,,,,,,,,,,,,,,,,,,,,,
97654,486,21-OCT-23 10.12.05.634074 AM,4852,644,4852,,1122410,A Free Note,<p>OE: GCS</p>,,,,,,,,,,,,,,,,,,,,,,,,,,,,,,,,,,,,,,,,,,,,,,,,,,
97655,488,21-OCT-23 10.22.57.938551 AM,4852,646,4852,,1122418,A Free Note,"<p>OE; febrile, not pale., not dehydrated&nbsp;</p>",,,,,,,,,,,,,,,,,,,,,,,,,,,,,,,,,,,,,,,,,,,,,,,,,,
97656,486,21-OCT-23 10.25.20.958202 AM,4852,644,4852,,1122419,A Free Note,<p>abd; bilateral ingunal hernia</p><p>&nbsp;</p>,,,,,,,,,,,,,,,,,,,,,,,,,,,,,,,,,,,,,,,,,,,,,,,,,,
97657,489,21-OCT-23 10.40.15.986615 AM,4852,647,4852,,1122422,A Free Note,"<p>not febrile, anicteric, acyanosed, not dehydrated&nbsp;</p>",,,,,,,,,,,,,,,,,,,,,,,,,,,,,,,,,,,,,,,,,,,,,,,,,,
97687,297,27-OCT-23 12.54.24.343354 PM,4848,416,4848,,1124570,A Free Note,<p>O/E; GCS</p><p>BP: 150/110mmHg</p><p>&nbsp;</p>,,,,,,,,,,,,,,,,,,,,,,,,,,,,,,,,,,,,,,,,,,,,,,,,,,
97748,1141,02-NOV-23 11.52.11.894193 AM,5114,1552,5114,,1126511,A Free Note,"<p>Not pale, afebrile, not dehydrated.&nbsp;</p>",,,,,,,,,,,,,,,,,,,,,,,,,,,,,,,,,,,,,,,,,,,,,,,,,,
97767,604,06-NOV-23 09.38.00.613944 AM,4849,1855,4849,,1127874,A Free Note,<p>O/E: GCS</p><p>BP: 120/90mmHg</p>,,,,,,,,,,,,,,,,,,,,,,,,,,,,,,,,,,,,,,,,,,,,,,,,,,
97781,1376,06-NOV-23 03.24.21.366120 PM,5114,1898,5114,,1128434,A Free Note,"<p>Not pale, afebrile, not dehydrated. &nbsp;</p>",,,,,,,,,,,,,,,,,,,,,,,,,,,,,,,,,,,,,,,,,,,,,,,,,,
97560,20,03-OCT-23 03.40.29.182595 PM,4841,20,4841,,1118712,A Free Note,<p>General condition stable</p>,,,,,,,,,,,,,,,,,,,,,,,,,,,,,,,,,,,,,,,,,,,,,,,,,,
97566,33,05-OCT-23 01.32.04.073122 PM,4852,43,4852,,1118830,A Free Note,"<p>ABD; flat, moves with respiration&nbsp;</p><p>&nbsp; &nbsp; &nbsp; mild suprapubic tenderness&nbsp;</p>",,,,,,,,,,,,,,,,,,,,,,,,,,,,,,,,,,,,,,,,,,,,,,,,,,
97570,1,05-OCT-23 05.42.11.533063 PM,1,38,1,,1118876,General Examination,<p style="text-align:center;"><strong>---Check boxes with * ----</strong></p><p><strong>Orientation:</strong></p><p><strong>Distress: &nbsp;</strong> &nbsp; Resp [&nbsp; ]&nbsp; &nbsp; &nbsp;Pr&nbsp;[ &nbsp;]&nbsp; &nbsp; &nbsp; Others [&nbsp; ]</p><p><strong>Pallor:NNBG</strong></p><p><strong>Febrile:HGVHVH</strong></p><p><strong>Icteric:NBHB</strong></p><p><strong>Cyanosis:</strong></p><p><strong>Dehydration:</strong></p><p><strong>Pedal Oedema:</strong></p><p><strong>Others:</strong></p><p>&nbsp;</p>,,,,,,,,,,,,,,,,,,,,,,,,,,,,,,,,,,,,,,,,,,,,,,,,,,
97578,48,09-OCT-23 02.06.00.010783 PM,4849,66,4849,,1118988,Examination,"<p>Middle age woman, chronically ill looking, underweight BMI - 14, pale anicteric, afebrile</p><p>wel hydrated</p><p>Apperance: poor personal and oral hygiene</p><p>ABD</p><p>Flat, MWR</p><p>No area of tenderness</p><p>No palpable oragn enlargement</p>",,,,,,,,,,,,,,,,,,,,,,,,,,,,,,,,,,,,,,,,,,,,,,,,,,
97580,59,10-OCT-23 11.54.20.133283 AM,4844,80,4844,,1119021,Systemic Examination,<p style="text-align:center;"><strong>---Check boxes with * ----</strong></p><p><strong>CARDIOVASCULAR :-&nbsp; &nbsp; &nbsp; &nbsp; &nbsp; &nbsp; &nbsp; &nbsp; &nbsp; &nbsp; &nbsp; &nbsp; &nbsp; &nbsp; &nbsp; &nbsp; &nbsp; &nbsp; &nbsp; &nbsp; &nbsp; &nbsp; &nbsp; &nbsp; &nbsp; &nbsp; &nbsp; &nbsp; &nbsp; &nbsp; &nbsp; &nbsp; &nbsp; &nbsp; &nbsp; &nbsp; &nbsp; &nbsp; &nbsp; &nbsp; &nbsp; &nbsp; &nbsp; &nbsp; &nbsp; &nbsp; &nbsp; &nbsp; &nbsp; &nbsp; &nbsp;&nbsp;</strong></p><ul><li><strong>Pulse Rate:&nbsp; &nbsp; &nbsp;82 &nbsp; &nbsp; &nbsp; &nbsp; &nbsp; &nbsp; &nbsp; &nbsp; &nbsp; &nbsp; &nbsp; &nbsp; &nbsp; &nbsp; &nbsp; &nbsp; &nbsp; &nbsp; &nbsp; &nbsp; &nbsp; &nbsp; &nbsp; &nbsp; &nbsp; &nbsp; &nbsp; &nbsp; &nbsp; &nbsp; &nbsp; &nbsp; &nbsp; &nbsp; &nbsp; &nbsp;&nbsp; &nbsp; &nbsp; &nbsp; &nbsp; &nbsp; &nbsp; &nbsp; &nbsp; &nbsp; &nbsp; &nbsp; &nbsp; &nbsp; &nbsp; &nbsp; &nbsp; &nbsp; &nbsp; &nbsp; &nbsp; &nbsp; &nbsp; &nbsp; &nbsp; &nbsp; &nbsp; &nbsp;&nbsp;</strong></li><li><strong>Blood Pressure:&nbsp; 120/70 &nbsp; &nbsp; &nbsp; &nbsp; &nbsp; &nbsp; &nbsp; &nbsp; &nbsp; &nbsp; &nbsp; &nbsp; &nbsp; &nbsp; &nbsp; &nbsp; &nbsp; &nbsp; &nbsp; &nbsp; &nbsp; &nbsp; &nbsp; &nbsp; &nbsp; &nbsp; &nbsp; &nbsp; &nbsp; &nbsp; &nbsp; &nbsp; &nbsp; &nbsp; &nbsp; &nbsp; &nbsp; &nbsp; &nbsp; &nbsp; &nbsp; &nbsp; &nbsp; &nbsp; &nbsp; &nbsp; &nbsp; &nbsp; &nbsp; &nbsp; &nbsp; &nbsp; &nbsp; &nbsp; &nbsp; &nbsp; &nbsp; &nbsp; &nbsp; &nbsp; &nbsp; &nbsp; &nbsp;&nbsp;</strong></li><li><strong>Heart Sound:&nbsp; s1s2 &nbsp; &nbsp; &nbsp; &nbsp; &nbsp; &nbsp; &nbsp; &nbsp; &nbsp; &nbsp; &nbsp; &nbsp; &nbsp; &nbsp; &nbsp; &nbsp; &nbsp; &nbsp; &nbsp; &nbsp; &nbsp; &nbsp; &nbsp; &nbsp; &nbsp; &nbsp; &nbsp; &nbsp; &nbsp; &nbsp; &nbsp; &nbsp; &nbsp; &nbsp; &nbsp; &nbsp;</strong></li><li><strong>Apex Beat:&nbsp;</strong></li><li><strong>Other:&nbsp;</strong></li></ul><p><strong>RESPIRATORY :-&nbsp;</strong></p><ul><li><strong>Respiration Rate:&nbsp; 20&nbsp;</strong></li><li><strong>Breath Sounds: vesicular</strong></li><li><strong>Other:&nbsp;</strong></li></ul><p><strong>ABDOMINAL:-&nbsp;</strong></p><ul><li><strong>Orientation:&nbsp;</strong></li><li><strong>Tenderness:&nbsp;</strong></li><li><strong>Liver:&nbsp;</strong></li><li><strong>Spleen:&nbsp;</strong></li><li><strong>Kidney:&nbsp;</strong></li><li><strong>Ascites:&nbsp;</strong></li><li><strong>Bowel Sounds:&nbsp;</strong></li><li><strong>PR:&nbsp;</strong></li><li><strong>Others:&nbsp;</strong></li></ul><p>&nbsp;</p>,,,,,,,,,,,,,,,,,,,,,,,,,,,,,,,,,,,,,,,,,,,,,,,,,,
97591,86,11-OCT-23 12.17.27.699320 PM,4837,118,4837,,1119209,A Free Note,"<p>not pale anicteric afebrile not dehydrated.</p><p>hypreamic papular rash on the face, the neck the arms and trunk</p>",,,,,,,,,,,,,,,,,,,,,,,,,,,,,,,,,,,,,,,,,,,,,,,,,,
97552,9,03-OCT-23 11.06.09.891020 AM,4845,8,4845,,1118664,A Free Note,"<p>male baby, afebrile, anicteric, not dehydrated</p><p>UGS-Normal looking genitalia</p>",,,,,,,,,,,,,,,,,,,,,,,,,,,,,,,,,,,,,,,,,,,,,,,,,,
97601,146,13-OCT-23 11.04.56.085157 AM,4850,201,4850,,1119712,A Free Note,<p>o/E : GCS</p>,,,,,,,,,,,,,,,,,,,,,,,,,,,,,,,,,,,,,,,,,,,,,,,,,,
97607,148,16-OCT-23 07.55.43.527118 AM,4841,204,4841,,1120252,A Free Note,<p>O/E : General condition stable</p><p>&nbsp;</p>,,,,,,,,,,,,,,,,,,,,,,,,,,,,,,,,,,,,,,,,,,,,,,,,,,
97626,287,18-OCT-23 10.57.04.513454 AM,4852,402,4852,,1121175,A Free Note,<p>gcs</p>,,,,,,,,,,,,,,,,,,,,,,,,,,,,,,,,,,,,,,,,,,,,,,,,,,
97651,430,20-OCT-23 11.16.53.253135 AM,4841,568,4841,,1122019,A Free Note,<p>O/E : General condition stable</p><p>B.P : 140/100mmHg.</p>,,,,,,,,,,,,,,,,,,,,,,,,,,,,,,,,,,,,,,,,,,,,,,,,,,
97710,921,30-OCT-23 11.22.51.734255 AM,4849,1242,4849,,1125172,A Free Note,<p>GCS</p><p>BP; 134/82bpm</p>,,,,,,,,,,,,,,,,,,,,,,,,,,,,,,,,,,,,,,,,,,,,,,,,,,
97712,81,30-OCT-23 12.38.25.011441 PM,4849,1281,4849,,1125259,A Free Note,<p>BP: 160/100mmHg</p>,,,,,,,,,,,,,,,,,,,,,,,,,,,,,,,,,,,,,,,,,,,,,,,,,,
97713,218,30-OCT-23 01.01.52.889192 PM,4849,301,4849,,1125276,A Free Note,<p>GCS</p><p>&nbsp;</p><p>MSS</p><p>&nbsp;Hyperemic skin with bluish discloration</p>,,,,,,,,,,,,,,,,,,,,,,,,,,,,,,,,,,,,,,,,,,,,,,,,,,
97749,1131,02-NOV-23 12.10.07.393917 PM,5114,1537,5114,,1126542,A Free Note,"<p>Not pale, afebrile, not dehydrated. &nbsp;</p>",,,,,,,,,,,,,,,,,,,,,,,,,,,,,,,,,,,,,,,,,,,,,,,,,,
97786,42,08-NOV-23 12.11.32.492524 PM,5061,2207,5061,,1129238,A Free Note,,,,,,,,,,,,,,,,,,,,,,,,,,,,,,,,,,,,,,,,,,,,,,,,,,,
97813,1805,11-NOV-23 03.29.48.836153 PM,4849,2494,4849,,1130765,A Free Note,"<p>Acutely ill looking, not pale, anicteric, mildly dehydrated, nil pedal oedema</p>",,,,,,,,,,,,,,,,,,,,,,,,,,,,,,,,,,,,,,,,,,,,,,,,,,
97814,1806,11-NOV-23 03.59.46.970126 PM,4849,2495,4849,,1130783,A Free Note,<p>O/E: Gen condition satisfactory</p><p>PR: 60bpm</p><p>BP: 160/60mmHg</p>,,,,,,,,,,,,,,,,,,,,,,,,,,,,,,,,,,,,,,,,,,,,,,,,,,
97815,1807,11-NOV-23 04.19.39.857172 PM,4849,2496,4849,,1130787,A Free Note,"<p>YOUNG BOY, NOT PALE, ANICTERIC, NOT DEHYDRATED, NIL PEDAL OEDEMA</p><p>&nbsp;</p><p>CHEST: CLINCALLY CLEAR</p>",,,,,,,,,,,,,,,,,,,,,,,,,,,,,,,,,,,,,,,,,,,,,,,,,,
97816,1808,11-NOV-23 10.09.24.721903 PM,4849,2497,4849,,1130815,A Free Note,"<p>O/E: Restless, not pale, anicteric, afebrile, well hydrated, nil pedal oedema</p><p>ABD</p><p>Flat, MWR</p><p>Tenderness in the right and left iliac fossa</p><p>LoSoKo</p><p>&nbsp;</p><p>CHEST&nbsp;</p><p>? Tenderness over the sternum</p><p>Clinically clear</p>",,,,,,,,,,,,,,,,,,,,,,,,,,,,,,,,,,,,,,,,,,,,,,,,,,
97820,1871,13-NOV-23 12.41.34.281677 PM,5114,2603,5114,,1131253,A Free Note,"<p>O/E: Not pale, afebrile, not dehydrated.&nbsp;</p>",,,,,,,,,,,,,,,,,,,,,,,,,,,,,,,,,,,,,,,,,,,,,,,,,,
97822,1943,14-NOV-23 12.10.10.132228 PM,4849,2701,4849,,1131771,A Free Note,<p>O/E: GCS</p><p>ABD: NAD</p><p>MSS</p><p>Tenderness at thr right mid back</p>,,,,,,,,,,,,,,,,,,,,,,,,,,,,,,,,,,,,,,,,,,,,,,,,,,
97824,1962,14-NOV-23 12.49.33.217926 PM,4849,2725,4849,,1131833,A Free Note,<p>Gen condition satisfactory</p><p>PR; 96bpm</p><p>BP; 150/120mmHg</p>,,,,,,,,,,,,,,,,,,,,,,,,,,,,,,,,,,,,,,,,,,,,,,,,,,
97826,1973,14-NOV-23 01.18.21.580262 PM,4849,2737,4849,,1131868,A Free Note,<p>GEN CONDITION SATISFACTORY</p><p>BP: 140/90</p>,,,,,,,,,,,,,,,,,,,,,,,,,,,,,,,,,,,,,,,,,,,,,,,,,,
97890,776,23-NOV-23 10.16.19.861086 AM,5114,3391,5114,,1135639,A Free Note,"<p>O/E: Not pale, afebrile, not dehydrated.</p>",,,,,,,,,,,,,,,,,,,,,,,,,,,,,,,,,,,,,,,,,,,,,,,,,,
97891,704,23-NOV-23 10.48.50.592986 AM,5114,3407,5114,,1135696,A Free Note,"<p>O/E: Not pale, afebrile, not dehydrated.&nbsp;</p><p>&nbsp;</p><p>MSE: Stable</p>",,,,,,,,,,,,,,,,,,,,,,,,,,,,,,,,,,,,,,,,,,,,,,,,,,
98029,3438,19-DEC-23 01.53.36.907809 PM,4905,5723,4905,,1149456,A Free Note,"<p>On examination,</p><p>Young man, conscious, not in obvious distress, not pale, anicteric, afebrile, not dehydrated, nil pedal oedema.</p><p>CNS</p><p>Neck is supple, nil CN deficits, muscle tone is 5/5 globally</p><p>Chest</p><p>RR is 20cpm</p><p>vesicular breath sound</p><p>CVS</p><p>PR is 82bpm</p><p>BP is 120/84 mmHg</p><p>Abdomen</p><p>Flat, moves with respiration, nil tenderness</p><p>Nilorganomegally</p><p>&nbsp;</p>",,,,,,,,,,,,,,,,,,,,,,,,,,,,,,,,,,,,,,,,,,,,,,,,,,
98030,3741,19-DEC-23 01.59.33.755789 PM,4845,5722,4845,,1149468,A Free Note,<p>o/e- GCS</p>,,,,,,,,,,,,,,,,,,,,,,,,,,,,,,,,,,,,,,,,,,,,,,,,,,
98067,4178,31-DEC-23 12.42.28.834077 PM,4845,6505,4845,,1154683,A Free Note,"<p>o/e- GCS, afebrile, anicteric not dehydrated</p>",,,,,,,,,,,,,,,,,,,,,,,,,,,,,,,,,,,,,,,,,,,,,,,,,,
98128,4919,15-JAN-24 01.40.36.924925 PM,4845,7998,4845,,1163453,A Free Note,<p>o/e- GCS</p><p>CVS- PR- 80b/m</p><p>&nbsp; &nbsp; &nbsp; &nbsp; &nbsp;BP- 100/80mmHg</p>,,,,,,,,,,,,,,,,,,,,,,,,,,,,,,,,,,,,,,,,,,,,,,,,,,
98031,3785,20-DEC-23 04.11.02.247373 PM,4845,5788,4845,,1149986,A Free Note,"<p>o/e- young female , afebrile, acyanosed not dehydrated , nil pedal edema</p><p>Abd- FMWR</p><p>&nbsp; &nbsp; &nbsp; &nbsp; nil area of tenderness</p><p>&nbsp; &nbsp; &nbsp; &nbsp; nil palpable organomegaly</p>",,,,,,,,,,,,,,,,,,,,,,,,,,,,,,,,,,,,,,,,,,,,,,,,,,
98034,3789,21-DEC-23 01.49.16.112590 AM,4845,5795,4845,,1150053,A Free Note,"<p>o/e- young female in obvious respiratory distress, febrile (39.1), anicteric acyanosed, not dehydrated, nil pedal edema</p><p>Chest- RR- 34c/m</p><p>&nbsp; &nbsp; &nbsp; &nbsp; &nbsp; &nbsp;BS- rhonchi&nbsp;</p><p>&nbsp; &nbsp; &nbsp; &nbsp; &nbsp; &nbsp; SpO2- 95% (room air)</p><p>CVS- PR- 110b/m</p><p>&nbsp; &nbsp; &nbsp; &nbsp; &nbsp; BP- 120/70mmHg</p><p>Abd- Gravidly enlarged, MWR</p><p>&nbsp; &nbsp; &nbsp; &nbsp; SFH- 36cm</p><p>&nbsp; &nbsp; &nbsp; &nbsp; &nbsp;singleton, LL, CP</p><p>&nbsp; &nbsp; &nbsp; &nbsp; nil palpable contraction</p><p>&nbsp; &nbsp; &nbsp; &nbsp; FHHR- 168b/m</p><p>&nbsp;</p><p>VE- not done</p>",,,,,,,,,,,,,,,,,,,,,,,,,,,,,,,,,,,,,,,,,,,,,,,,,,
98047,3984,27-DEC-23 10.27.14.431951 AM,4845,6152,4845,,1152647,A Free Note,"<p>o/e- young male in obvious respiratory difficulty, not pale, anicteric, not dehydrated, nil pedal&nbsp;</p><p>Resp- RR- 20/cm</p><p>&nbsp; &nbsp; &nbsp; &nbsp; &nbsp; BS- normal breath sounds heard</p>",,,,,,,,,,,,,,,,,,,,,,,,,,,,,,,,,,,,,,,,,,,,,,,,,,
98088,4447,05-JAN-24 04.46.25.107908 PM,4845,7003,4845,,1157391,A Free Note,<p>o/e- GCS</p>,,,,,,,,,,,,,,,,,,,,,,,,,,,,,,,,,,,,,,,,,,,,,,,,,,
98167,2607,27-FEB-24 08.34.41.364914 PM,4265,4076,4265,,1198620,A Free Note,,,,,,,,,,,,,,,,,,,,,,,,,,,,,,,,,,,,,,,,,,,,,,,,,,,
98032,3787,20-DEC-23 07.49.46.577744 PM,4845,5793,4845,,1150028,A Free Note,"<p>o/e- Elderly woman, acutely ill-looking , febrile, acyanosed, dehydrated, not pale, pitting leg edema up to the knee</p><p>CVS- PR- 76b/m</p><p>&nbsp; &nbsp; &nbsp; &nbsp; BP- 140/70mmHg</p><p>MSS- ulcers in the left big toe and right big toe</p>",,,,,,,,,,,,,,,,,,,,,,,,,,,,,,,,,,,,,,,,,,,,,,,,,,
98033,3788,20-DEC-23 09.36.29.451516 PM,4845,5794,4845,,1150044,A Free Note,"<p>o/e- elderly man with a left below elbow amputation in altered mental state, afebrile, anicteric, dehydrated +++, nil pedal edema</p><p>Chest- RR- 24c/m</p><p>&nbsp; &nbsp; &nbsp; &nbsp; &nbsp; &nbsp; Spo2- 95% (room air)</p><p>&nbsp; &nbsp; &nbsp; &nbsp; &nbsp; &nbsp; BS- normal breath sounds</p><p>CVS- PR-99b/m</p><p>&nbsp; &nbsp; &nbsp; &nbsp; &nbsp; BP- 110/60mmHg</p><p>Abd- FMWR</p><p>&nbsp; &nbsp; &nbsp; &nbsp; &nbsp;nil tenderness</p>",,,,,,,,,,,,,,,,,,,,,,,,,,,,,,,,,,,,,,,,,,,,,,,,,,
98068,4179,31-DEC-23 01.21.38.746818 PM,4845,6506,4845,,1154697,A Free Note,"<p>o/e- conscious elderly woman but restless, afebrile, not pale, dehydrated, nil pedal edema</p><p>CVS- PR- 120b/m</p><p>&nbsp; &nbsp; &nbsp; &nbsp; &nbsp;BP- 120/80mmHg&nbsp;</p><p>Abd- FMWR</p><p>&nbsp; &nbsp; &nbsp; &nbsp; &nbsp;nil area of tenderness</p>",,,,,,,,,,,,,,,,,,,,,,,,,,,,,,,,,,,,,,,,,,,,,,,,,,
98087,4446,05-JAN-24 04.33.24.051336 PM,4845,7002,4845,,1157382,A Free Note,<p>o/e-GCS</p>,,,,,,,,,,,,,,,,,,,,,,,,,,,,,,,,,,,,,,,,,,,,,,,,,,
98107,692,11-JAN-24 06.13.32.989304 PM,4845,4647,4845,,1161230,A Free Note,"<p>o/e- middle-aged man in no obvious respiratory distress, afebrile, not pale, anicteric, acyanosed, not dehydrated, nil pedal edema</p><p>Chest- RR- 20c/m , not dyspneic</p><p>&nbsp; &nbsp; &nbsp; &nbsp; &nbsp; &nbsp; BS- widespread rhonchi</p><p>&nbsp; &nbsp; &nbsp; &nbsp; &nbsp; &nbsp; Spo2-96% (room air)</p>",,,,,,,,,,,,,,,,,,,,,,,,,,,,,,,,,,,,,,,,,,,,,,,,,,
98127,4950,15-JAN-24 01.31.19.367635 PM,4845,8052,4845,,1163378,A Free Note,"<p>o/e-middle-aged woman, afebrile, not pale, anicteric , acyanosed, not dehydrated</p><p>ht-1.60m, wt- 92kg BMI-35.5kg/m2</p><p>CVS- PR- 98b/m</p><p>&nbsp; &nbsp; &nbsp; &nbsp; &nbsp;BP- 170/90mmHg</p>",,,,,,,,,,,,,,,,,,,,,,,,,,,,,,,,,,,,,,,,,,,,,,,,,,
98129,4604,16-JAN-24 12.07.48.417473 PM,4844,8092,4844,,1164250,A Free Note,<p>o/e- GCS</p><p>Abd - gravidly enlarged&nbsp;</p><p>CVS-PR- 88b/m</p><p>&nbsp; &nbsp; &nbsp; &nbsp; &nbsp;BP- 120/70mmHg</p><p>&nbsp;</p>,,,,,,,,,,,,,,,,,,,,,,,,,,,,,,,,,,,,,,,,,,,,,,,,,,
98147,1,02-FEB-24 10.50.46.311624 AM,4814,9930,4814,,1177312,Physiotherapy System Review,"<div class=""ck-content""><figure class=""table"" style=""width:496.2pt;""><table style="";""><tbody><tr><td style=""height:12.85pt;vertical-align:top;width:242.0pt;"">&nbsp;</td><td style=""height:12.85pt;vertical-align:top;width:254.2pt;"">&nbsp;</td></tr><tr><td style=""background-color:#f2f2f2;height:12.85pt;width:242.0pt;"">&nbsp;</td><td style=""background-color:#f2f2f2;height:12.85pt;width:254.2pt;"">&nbsp;</td></tr><tr><td style=""height:12.85pt;vertical-align:top;width:242.0pt;"">&nbsp;</td><td style=""height:12.85pt;vertical-align:top;width:254.2pt;"">&nbsp;</td></tr><tr><td style=""background-color:#f2f2f2;height:217.3pt;width:242.0pt;""><p style=""text-align:center;"">CARDIOVASCULAR/PULMONARY SYSTEM</p><p>&nbsp;</p><p>Blood Pressure:&nbsp;&nbsp;&nbsp;&nbsp;&nbsp;&nbsp;&nbsp;&nbsp;&nbsp;&nbsp;&nbsp;&nbsp;&nbsp;&nbsp;&nbsp;&nbsp;&nbsp;&nbsp;&nbsp; &nbsp;&nbsp;MAP:&nbsp;</p><p>&nbsp;</p><p>SPO<sub>2</sub>:&nbsp;&nbsp;&nbsp;&nbsp;&nbsp;&nbsp;&nbsp;&nbsp;&nbsp;&nbsp;&nbsp;&nbsp;&nbsp;&nbsp;&nbsp;&nbsp;&nbsp;&nbsp;&nbsp;&nbsp;&nbsp;&nbsp;&nbsp;&nbsp;&nbsp;&nbsp;&nbsp;&nbsp;&nbsp;&nbsp;&nbsp;&nbsp;&nbsp; &nbsp;&nbsp;&nbsp;&nbsp;RR:</p><p>&nbsp;</p><p>Pulse<sub>::</sub>&nbsp;&nbsp;&nbsp;&nbsp;&nbsp;&nbsp;&nbsp;&nbsp;&nbsp;&nbsp;&nbsp;&nbsp;&nbsp;&nbsp;&nbsp;&nbsp;&nbsp;&nbsp;&nbsp;&nbsp; HR<sub>MAX:</sub></p><p>&nbsp;</p><p>&nbsp;</p><p>FEV<sub>1.0S</sub>:&nbsp;&nbsp;&nbsp;&nbsp;&nbsp;&nbsp;&nbsp;&nbsp;&nbsp;&nbsp;&nbsp;&nbsp;&nbsp;&nbsp;&nbsp;&nbsp;&nbsp;&nbsp;&nbsp;&nbsp;&nbsp;&nbsp;&nbsp;&nbsp;&nbsp; &nbsp;&nbsp;&nbsp;&nbsp;&nbsp;&nbsp;&nbsp;&nbsp;&nbsp;&nbsp;&nbsp;&nbsp;&nbsp;&nbsp;&nbsp;&nbsp;&nbsp;&nbsp;&nbsp;&nbsp;&nbsp;&nbsp;&nbsp;&nbsp;&nbsp;&nbsp;&nbsp;&nbsp;&nbsp;&nbsp;&nbsp;&nbsp; PEFR:</p><p>&nbsp;</p><p>&nbsp;</p><p style=""text-align:center;"">NEUROMUSCULAR SYSTEM</p><p>&nbsp;</p><p>&nbsp; &nbsp; &nbsp; &nbsp; &nbsp; &nbsp; &nbsp; &nbsp; &nbsp; &nbsp; &nbsp; &nbsp; &nbsp; &nbsp; &nbsp; &nbsp; &nbsp; &nbsp; &nbsp; &nbsp; &nbsp; &nbsp; &nbsp; &nbsp; &nbsp; &nbsp; &nbsp; &nbsp; &nbsp; &nbsp; &nbsp; &nbsp; &nbsp; &nbsp;Not Impaired&nbsp;&nbsp;&nbsp;&nbsp;&nbsp;&nbsp;&nbsp;&nbsp;&nbsp;&nbsp; Impaired&nbsp;</p><p><i>Balance &nbsp;&nbsp;&nbsp;&nbsp;&nbsp;&nbsp;&nbsp;&nbsp;&nbsp;&nbsp;&nbsp;&nbsp;&nbsp;&nbsp;&nbsp;&nbsp;&nbsp;&nbsp;&nbsp;&nbsp;&nbsp;&nbsp;&nbsp;&nbsp;&nbsp; </i>&nbsp;&nbsp;&nbsp;&nbsp;&nbsp;&nbsp;&nbsp;&nbsp;&nbsp;&nbsp;&nbsp;&nbsp;&nbsp;&nbsp;&nbsp;&nbsp; ?&nbsp;&nbsp;&nbsp;&nbsp;&nbsp;&nbsp;&nbsp;&nbsp;&nbsp;&nbsp;&nbsp;&nbsp;&nbsp;&nbsp;&nbsp;&nbsp;&nbsp;&nbsp;&nbsp;&nbsp; ?&nbsp;<i> &nbsp;&nbsp;&nbsp;&nbsp;&nbsp;&nbsp;&nbsp;&nbsp;&nbsp;&nbsp;</i></p><p><i>Gait&nbsp;&nbsp;&nbsp; &nbsp;&nbsp;&nbsp;&nbsp;&nbsp;&nbsp;&nbsp;&nbsp;&nbsp;&nbsp;&nbsp;&nbsp;&nbsp;&nbsp;&nbsp;&nbsp;&nbsp;&nbsp;&nbsp;&nbsp;&nbsp;&nbsp;&nbsp;&nbsp;&nbsp;&nbsp;&nbsp;&nbsp;&nbsp;&nbsp;&nbsp;&nbsp;&nbsp;&nbsp;&nbsp;&nbsp;&nbsp;&nbsp;&nbsp;&nbsp;&nbsp;&nbsp;&nbsp;&nbsp;&nbsp; </i>?&nbsp;&nbsp;&nbsp;&nbsp;&nbsp;&nbsp;&nbsp;&nbsp;&nbsp;&nbsp;&nbsp;&nbsp;&nbsp;&nbsp;&nbsp;&nbsp;&nbsp;&nbsp;&nbsp;&nbsp; ?</p><p><i>Posture&nbsp;&nbsp; &nbsp;&nbsp;&nbsp;&nbsp;&nbsp;&nbsp;&nbsp;&nbsp;&nbsp;&nbsp;&nbsp;&nbsp;&nbsp;&nbsp;&nbsp;&nbsp;&nbsp;&nbsp;&nbsp;&nbsp;&nbsp;&nbsp;&nbsp;&nbsp;&nbsp;&nbsp;&nbsp;&nbsp;&nbsp;&nbsp;&nbsp;&nbsp;&nbsp;&nbsp;&nbsp;&nbsp;&nbsp;&nbsp;&nbsp;&nbsp;&nbsp; </i>?<i>&nbsp;&nbsp;&nbsp;&nbsp;&nbsp;&nbsp;&nbsp;&nbsp;&nbsp;&nbsp;&nbsp;&nbsp;&nbsp;&nbsp;&nbsp;&nbsp;&nbsp;&nbsp;&nbsp;&nbsp;&nbsp;&nbsp; </i>?</p><p><i>Gross movement &nbsp;&nbsp;&nbsp;&nbsp;&nbsp;&nbsp;&nbsp;&nbsp;&nbsp;&nbsp;&nbsp;&nbsp;&nbsp;&nbsp;&nbsp;&nbsp;&nbsp;&nbsp;&nbsp;&nbsp;&nbsp;&nbsp;&nbsp;&nbsp;&nbsp;&nbsp;&nbsp;&nbsp; </i>?<i>&nbsp;&nbsp;&nbsp;&nbsp;&nbsp;&nbsp;&nbsp;&nbsp;&nbsp;&nbsp;&nbsp;&nbsp;&nbsp;&nbsp;&nbsp;&nbsp;&nbsp;&nbsp;&nbsp;&nbsp;&nbsp; &nbsp;</i>?</p><p><i>(motor control, motor learning)</i></p></td><td style=""background-color:#f2f2f2;height:217.3pt;width:254.2pt;""><p style=""text-align:center;"">MUSCULOSKELETAL SYSTEM</p><p style=""text-align:center;"">&nbsp;</p><p>&nbsp; &nbsp; &nbsp; &nbsp; &nbsp; &nbsp; &nbsp; &nbsp; &nbsp; &nbsp; &nbsp; &nbsp; &nbsp; &nbsp; &nbsp; &nbsp; &nbsp; &nbsp; &nbsp; &nbsp; &nbsp; &nbsp; &nbsp; &nbsp; &nbsp; &nbsp; &nbsp; &nbsp; &nbsp; &nbsp; &nbsp; &nbsp; Not Impaired&nbsp;&nbsp;&nbsp;&nbsp;&nbsp;&nbsp; Impaired</p><p>&nbsp;</p><p>Gross ROM&nbsp;&nbsp;&nbsp;&nbsp;&nbsp;&nbsp;&nbsp;&nbsp;&nbsp;&nbsp;&nbsp;&nbsp;&nbsp;&nbsp;&nbsp;&nbsp;&nbsp;&nbsp;&nbsp;&nbsp;&nbsp;&nbsp;&nbsp;&nbsp;&nbsp;&nbsp;&nbsp;&nbsp;&nbsp;&nbsp;&nbsp;&nbsp;&nbsp;&nbsp;&nbsp;&nbsp;&nbsp;&nbsp;&nbsp; ?&nbsp;&nbsp;&nbsp;&nbsp;&nbsp;&nbsp;&nbsp;&nbsp;&nbsp;&nbsp;&nbsp;&nbsp;&nbsp;&nbsp;&nbsp;&nbsp;&nbsp;&nbsp;&nbsp;&nbsp;&nbsp;&nbsp;&nbsp;&nbsp; ?</p><p>&nbsp;</p><p>Gross Strength&nbsp; &nbsp;&nbsp;&nbsp;&nbsp;&nbsp;&nbsp;&nbsp;&nbsp;&nbsp;&nbsp;&nbsp;&nbsp;&nbsp;&nbsp;&nbsp;&nbsp;&nbsp;&nbsp;&nbsp;&nbsp;&nbsp;&nbsp;&nbsp;&nbsp;&nbsp;&nbsp;&nbsp;&nbsp;&nbsp;&nbsp;&nbsp; ?&nbsp;&nbsp;&nbsp;&nbsp;&nbsp;&nbsp;&nbsp;&nbsp;&nbsp;&nbsp;&nbsp;&nbsp;&nbsp;&nbsp;&nbsp;&nbsp;&nbsp;&nbsp;&nbsp;&nbsp;&nbsp;&nbsp;&nbsp;&nbsp; ?</p><p>&nbsp;</p><p>Gross Symmetry&nbsp; &nbsp;&nbsp;&nbsp;&nbsp;&nbsp;&nbsp;&nbsp;&nbsp;&nbsp;&nbsp;&nbsp;&nbsp;&nbsp;&nbsp;&nbsp;&nbsp;&nbsp;&nbsp;&nbsp;&nbsp;&nbsp;&nbsp;&nbsp;&nbsp;&nbsp;&nbsp;&nbsp;&nbsp; ?&nbsp;&nbsp;&nbsp;&nbsp;&nbsp;&nbsp;&nbsp;&nbsp;&nbsp;&nbsp;&nbsp;&nbsp;&nbsp;&nbsp;&nbsp;&nbsp;&nbsp;&nbsp;&nbsp;&nbsp;&nbsp;&nbsp;&nbsp;&nbsp;&nbsp; ? <i>(Standing, Sitting)&nbsp;&nbsp; &nbsp;&nbsp;&nbsp;&nbsp;&nbsp;&nbsp;&nbsp;&nbsp;&nbsp;&nbsp;&nbsp;&nbsp;&nbsp;&nbsp;&nbsp;&nbsp;&nbsp;&nbsp;&nbsp;&nbsp;&nbsp;&nbsp;&nbsp;&nbsp;&nbsp;&nbsp;&nbsp;&nbsp;&nbsp;</i></p><p style=""text-align:center;"">&nbsp;</p><p>Height (in metres) ···.Weight (in Kg)···</p><p>&nbsp;</p><p>BMI<i> </i>(in Kg/m<sup>2</sup>)·····.<i><strong>&nbsp;&nbsp;&nbsp;&nbsp;</strong></i></p><p><i><strong>&nbsp;</strong></i></p><p style=""text-align:center;"">COGNITION and CoMMUNICATION</p><p><strong>&nbsp;&nbsp;&nbsp;&nbsp;&nbsp;&nbsp;&nbsp;&nbsp;&nbsp;&nbsp;&nbsp;&nbsp;&nbsp;&nbsp;&nbsp;&nbsp;&nbsp;&nbsp;&nbsp;&nbsp;&nbsp;&nbsp;&nbsp;&nbsp;&nbsp;&nbsp;&nbsp;&nbsp;&nbsp;&nbsp;&nbsp;&nbsp;&nbsp;&nbsp;&nbsp;&nbsp;&nbsp;&nbsp;&nbsp;&nbsp;&nbsp;&nbsp;&nbsp;&nbsp;&nbsp;&nbsp;&nbsp;&nbsp;&nbsp;&nbsp;&nbsp;&nbsp;&nbsp;&nbsp;&nbsp;&nbsp;&nbsp;&nbsp;&nbsp;&nbsp;&nbsp;&nbsp;&nbsp;&nbsp; &nbsp;&nbsp;</strong>Not Imp&nbsp;&nbsp;&nbsp;&nbsp;&nbsp;&nbsp;&nbsp; &nbsp;Imp</p><p>&nbsp;</p><p>Orientation x 3 <i>(Person/Place/Time) &nbsp;&nbsp;&nbsp;&nbsp;&nbsp;&nbsp;&nbsp;&nbsp;&nbsp;&nbsp;&nbsp;?&nbsp;&nbsp;&nbsp;&nbsp;&nbsp;&nbsp;&nbsp;&nbsp;&nbsp;&nbsp;&nbsp;&nbsp;&nbsp;&nbsp;&nbsp;&nbsp;&nbsp; </i>?</p><p><i>&nbsp;&nbsp;&nbsp;&nbsp;&nbsp;&nbsp;&nbsp;&nbsp;&nbsp;&nbsp;&nbsp;&nbsp;&nbsp;&nbsp;&nbsp;&nbsp;&nbsp;&nbsp;&nbsp;&nbsp;&nbsp;&nbsp;&nbsp;&nbsp;&nbsp;&nbsp;&nbsp;&nbsp;&nbsp;&nbsp;&nbsp;&nbsp;&nbsp;&nbsp;&nbsp;&nbsp;&nbsp;&nbsp;&nbsp;&nbsp;&nbsp;&nbsp;&nbsp;&nbsp;&nbsp;&nbsp;&nbsp;&nbsp;&nbsp;&nbsp;&nbsp;&nbsp;&nbsp;&nbsp;&nbsp;&nbsp;&nbsp;&nbsp;&nbsp;&nbsp;&nbsp;&nbsp;&nbsp;&nbsp;&nbsp;&nbsp;&nbsp;&nbsp;&nbsp;&nbsp;&nbsp;&nbsp;&nbsp;&nbsp;&nbsp;&nbsp;&nbsp;&nbsp;&nbsp;</i></p><p>Communication <i>(e.g., Age-Appropriate)&nbsp;&nbsp;&nbsp;&nbsp;&nbsp; </i>?&nbsp;&nbsp;&nbsp;&nbsp;&nbsp;&nbsp;&nbsp;&nbsp;&nbsp;&nbsp;&nbsp;&nbsp;&nbsp;&nbsp;&nbsp; ?</p><p style=""text-align:center;"">&nbsp;</p></td></tr></tbody></table></figure></div>",,,,,,,,,,,,,,,,,,,,,,,,,,,,,,,,,,,,,,,,,,,,,,,,,,
98187,7585,18-MAR-24 08.33.00.563450 PM,4832,14829,4832,,1220411,General Examination,<p style="text-align:center;"><strong>---Check boxes with * ----</strong></p><p><strong>Orientation: ORIENTED AND ALERT</strong></p><p><strong>Distress: &nbsp;</strong> &nbsp; Resp [&nbsp; ]&nbsp; &nbsp; &nbsp;Pr&nbsp;[ &nbsp;]&nbsp; &nbsp; &nbsp; Others [&nbsp; ]</p><p><strong>Pallor: NIL&nbsp;</strong></p><p><strong>Febrile:NIL</strong></p><p><strong>Icteric:NIL</strong></p><p><strong>Cyanosis:NIL</strong></p><p><strong>Dehydration:NIL</strong></p><p><strong>Pedal Oedema:NIL</strong></p><p><strong>Others:NIL</strong></p><p>&nbsp;</p>,,,,,,,,,,,,,,,,,,,,,,,,,,,,,,,,,,,,,,,,,,,,,,,,,,
98188,7585,18-MAR-24 08.34.51.856883 PM,4832,14829,4832,,1220412,Systemic Examination,<p style="text-align:center;"><strong>---Check boxes with * ----</strong></p><p><strong>CARDIOVASCULAR :-&nbsp; &nbsp; &nbsp; &nbsp; &nbsp; &nbsp; &nbsp; &nbsp; &nbsp; &nbsp; &nbsp; &nbsp; &nbsp; &nbsp; &nbsp; &nbsp; &nbsp; &nbsp; &nbsp; &nbsp; &nbsp; &nbsp; &nbsp; &nbsp; &nbsp; &nbsp; &nbsp; &nbsp; &nbsp; &nbsp; &nbsp; &nbsp; &nbsp; &nbsp; &nbsp; &nbsp; &nbsp; &nbsp; &nbsp; &nbsp; &nbsp; &nbsp; &nbsp; &nbsp; &nbsp; &nbsp; &nbsp; &nbsp; &nbsp; &nbsp; &nbsp;&nbsp;</strong></p><ul><li><strong>Pulse Rate:&nbsp; 78b/m &nbsp; &nbsp; &nbsp; &nbsp; &nbsp; &nbsp; &nbsp; &nbsp; &nbsp; &nbsp; &nbsp; &nbsp; &nbsp; &nbsp; &nbsp; &nbsp; &nbsp; &nbsp; &nbsp; &nbsp; &nbsp; &nbsp; &nbsp; &nbsp; &nbsp; &nbsp; &nbsp; &nbsp; &nbsp; &nbsp; &nbsp; &nbsp; &nbsp; &nbsp; &nbsp; &nbsp; &nbsp; &nbsp; &nbsp; &nbsp; &nbsp; &nbsp; &nbsp; &nbsp; &nbsp; &nbsp; &nbsp; &nbsp; &nbsp; &nbsp; &nbsp; &nbsp; &nbsp; &nbsp; &nbsp; &nbsp; &nbsp; &nbsp; &nbsp; &nbsp; &nbsp; &nbsp; &nbsp; &nbsp; &nbsp;&nbsp;</strong></li><li><strong>Blood Pressure:&nbsp;120/80mmHg &nbsp; &nbsp; &nbsp; &nbsp; &nbsp; &nbsp; &nbsp; &nbsp; &nbsp; &nbsp; &nbsp; &nbsp; &nbsp; &nbsp; &nbsp; &nbsp; &nbsp; &nbsp; &nbsp; &nbsp; &nbsp; &nbsp; &nbsp; &nbsp; &nbsp; &nbsp; &nbsp; &nbsp; &nbsp; &nbsp; &nbsp; &nbsp; &nbsp; &nbsp; &nbsp; &nbsp; &nbsp; &nbsp; &nbsp; &nbsp; &nbsp; &nbsp; &nbsp; &nbsp; &nbsp; &nbsp; &nbsp; &nbsp; &nbsp; &nbsp; &nbsp; &nbsp; &nbsp; &nbsp; &nbsp; &nbsp; &nbsp; &nbsp; &nbsp; &nbsp; &nbsp; &nbsp; &nbsp; &nbsp;</strong></li><li><strong>Heart Sound:&nbsp; &nbsp; &nbsp; &nbsp; &nbsp; &nbsp; &nbsp; &nbsp; &nbsp; &nbsp; &nbsp; &nbsp; &nbsp; &nbsp; &nbsp; &nbsp; &nbsp; &nbsp; &nbsp; &nbsp; &nbsp; &nbsp; &nbsp; &nbsp; &nbsp; &nbsp; &nbsp; &nbsp; &nbsp; &nbsp; &nbsp; &nbsp; &nbsp; &nbsp; &nbsp; &nbsp; &nbsp;&nbsp;</strong></li><li><strong>Apex Beat:&nbsp;</strong></li><li><strong>Other:&nbsp;</strong></li></ul><p><strong>RESPIRATORY :-&nbsp;</strong></p><ul><li><strong>Respiration Rate:&nbsp;20c/m &nbsp;</strong></li><li><strong>Breath Sounds: vesicular</strong></li><li><strong>Other:&nbsp;</strong></li></ul><p><strong>ABDOMINAL:- nad</strong></p><ul><li><strong>Orientation:&nbsp;</strong></li><li><strong>Tenderness:&nbsp;</strong></li><li><strong>Liver:&nbsp;</strong></li><li><strong>Spleen:&nbsp;</strong></li><li><strong>Kidney:&nbsp;</strong></li><li><strong>Ascites:&nbsp;</strong></li><li><strong>Bowel Sounds:&nbsp;</strong></li><li><strong>PR:&nbsp;</strong></li><li><strong>Others:&nbsp;</strong></li></ul><p>&nbsp;</p>,,,,,,,,,,,,,,,,,,,,,,,,,,,,,,,,,,,,,,,,,,,,,,,,,,
98207,35204,26-FEB-26 11.53.09.668805 AM,5942,31598,5942,,1363150,A Free Note,<p>neck ; nil &nbsp;remarkable tenderness.a lot better with prescreibed medication</p>,,,,,,,,,,,,,,,,,,,,,,,,,,,,,,,,,,,,,,,,,,,,,,,,,,
98227,6745,06-MAR-26 01.03.17.079881 PM,4832,32851,4832,,1371687,A Free Note,"<p>O/E AFEBRILE, NOT PALE, NO PEDAL OEDEMA GENERAL CONDITIONS ARE STABLE</p><p>CVS: PR - 90B/M; BP-130/90MMHG, NO SIGN OF CARDIOMEGALY, S1S2 ONLY</p><p>SKIN: AREAS OF HYPOPIGMENTATION AND MACULOPAPULAR RASHES (FUNGAL INFECTION)</p><p>ABDOMEN: FULL MOVES WITH RESPIRATION</p><p>&nbsp; &nbsp; &nbsp; &nbsp; &nbsp; &nbsp; &nbsp; &nbsp; &nbsp; NORMAL BOWEL SOUNDS</p><p>RS RR- 16C/M; CLEAR</p><p>CNS: NAD</p><p>&nbsp;</p><p>&nbsp;</p>",,,,,,,,,,,,,,,,,,,,,,,,,,,,,,,,,,,,,,,,,,,,,,,,,,
